# Optimized low-poly turtle for the web
v 0.163195 0.589532 1.564295
v -3.473300 2.721312 1.106654
v 0.162110 0.559381 -1.570997
v -3.473299 2.721311 -1.106642
v -3.572254 -1.104197 -1.973373
v -1.496397 3.102357 1.084908
v -3.577304 -1.064155 1.970517
v -1.496247 3.102482 -1.084896
v -3.775889 -0.599240 1.936293
v -3.775907 -0.599160 -1.936259
v 0.133472 0.807444 -1.485452
v 0.133416 0.807234 1.485424
v -4.164330 -0.431770 2.261309
v -4.041748 -1.057192 2.305549
v 0.370399 0.739434 1.858610
v 0.282552 1.134924 1.740722
v 0.282550 1.135106 -1.740707
v 0.371178 0.716934 -1.864483
v -4.038888 -1.086360 -2.308139
v -4.164345 -0.431606 -2.261283
v -4.049010 -0.343081 -2.141192
v -3.920301 -0.402474 -2.053824
v -3.954994 1.691365 1.669727
v -3.643925 2.465260 1.308181
v -3.631547 2.847876 0.670567
v -3.631547 2.847875 -0.670557
v 0.192173 1.003776 -1.558928
v 0.211591 1.135198 -1.648659
v 0.289241 0.589782 -1.748168
v -2.499266 2.962660 -1.276764
v -2.038428 3.044025 -1.228292
v -3.819905 -1.177991 -2.171590
v -4.253671 -1.091575 1.231540
v -4.245405 -1.125711 -1.232856
v -1.458421 3.295773 -0.659529
v -1.445371 3.294645 0.659540
v -1.592248 -0.738014 -2.321598
v -0.747772 -0.373475 -2.196090
v 0.315029 1.217894 -0.770779
v 0.323555 1.227103 0.767054
v -2.038426 3.044024 1.228304
v -2.499264 2.962662 1.276777
v -0.750466 -0.338917 2.193156
v -1.596327 -0.707989 2.319053
v -3.841907 -0.391463 -1.986981
v -3.746431 -0.585597 -1.913314
v 0.175157 0.934508 -1.495613
v 0.121640 0.809277 -1.455358
v 0.175207 0.934464 1.495644
v 0.121711 0.809480 1.455419
v -0.851423 -0.028653 2.160263
v -1.734304 -0.341233 2.281114
v 0.295379 1.286437 -0.722599
v 0.311498 1.289468 0.722702
v -1.734204 -0.340896 -2.280815
v -0.852077 -0.027864 -2.160192
v -4.526326 -0.514398 1.222392
v -4.526324 -0.514450 -1.222374
v -4.195265 -0.573741 2.313382
v -4.177075 -0.750260 2.334033
v -4.123498 -0.922900 2.333827
v 0.380829 0.847454 1.870946
v 0.370031 0.970283 1.854861
v 0.344113 1.081283 1.818101
v 0.344119 1.081481 -1.818084
v 0.370225 0.967618 -1.855466
v 0.381466 0.834678 -1.874191
v -4.122196 -0.941067 -2.335218
v -4.176828 -0.754390 -2.334143
v -4.195283 -0.573583 -2.313325
v -4.834620 -1.035061 1.467072
v -4.829825 -1.064269 -1.468344
v -1.673736 -0.742124 -2.724145
v -0.671278 -0.300002 -2.591480
v 0.504815 1.379835 -0.891434
v 0.516175 1.395577 0.887979
v -0.671910 -0.294482 2.591172
v -1.674652 -0.740381 2.723951
v -0.784170 0.227167 2.522816
v -1.815481 -0.164680 2.657082
v 0.389102 1.606164 -0.817488
v 0.405550 1.609267 0.817525
v -1.815278 -0.164479 -2.656910
v -0.784083 0.226993 -2.522764
v -5.001699 -0.326691 1.447482
v -5.001695 -0.326737 -1.447467
v -3.824147 -1.140569 2.168230
v -3.920287 -0.402399 2.053849
v -4.048998 -0.343248 2.141224
v 0.211605 1.134977 1.648679
v 0.192231 1.003415 1.558975
v 0.289177 0.619206 1.740218
v -3.746431 -0.585521 1.913364
v -3.841886 -0.391346 1.987009
v -3.911778 0.831541 -1.861561
v -3.923872 0.111204 -1.986932
v -0.073737 1.748008 -1.494921
v 0.132675 1.391237 -1.504979
v -0.073899 1.747711 1.494938
v 0.132575 1.390964 1.504992
v -3.923876 0.111263 1.986950
v -3.911780 0.831570 1.861582
v -3.643923 2.465255 -1.308168
v -3.954992 1.691349 -1.669710
v -1.178866 2.923481 -1.269958
v -0.546938 2.338601 -1.519955
v -1.179124 2.923256 1.269972
v -0.547234 2.338280 1.519971
v -4.528503 1.871179 0.986577
v -4.001701 2.554536 0.753806
v -4.528501 1.871168 -0.986565
v -4.001702 2.554536 -0.753795
v -2.173448 1.839337 -2.068720
v -2.372987 2.627833 -1.661268
v -1.407630 2.033544 -1.970846
v -1.828338 2.737702 -1.590612
v -0.221290 2.566758 -0.865139
v -0.922776 3.136613 -0.732167
v -0.193579 2.567221 0.865152
v -0.905135 3.135517 0.732178
v -1.407731 2.033445 1.970864
v -1.828362 2.737688 1.590626
v -2.173466 1.839343 2.068738
v -2.372990 2.627844 1.661283
v 0.454726 1.595641 -0.852099
v 0.470020 1.598229 0.851998
v 0.499470 1.540614 -0.877929
v 0.514168 1.546840 0.877389
v 0.510624 1.458940 -0.890551
v 0.523918 1.470157 0.888645
v -2.200165 3.320560 -0.687822
v -2.656501 3.245705 -0.710717
v -2.200164 3.320559 0.687832
v -2.656500 3.245703 0.710727
v -0.820932 0.158460 2.291099
v -1.758939 -0.187927 2.406903
v -0.828289 0.269539 2.395034
v -1.812234 -0.091587 2.519405
v -4.553799 -1.186722 -1.371453
v -4.561041 -1.151124 1.369941
v -1.758888 -0.186983 -2.406858
v -0.821025 0.161088 -2.291202
v -1.812193 -0.091324 -2.519154
v -0.828279 0.269586 -2.394972
v -0.686873 -0.401743 -2.427707
v -1.620358 -0.816350 -2.557652
v -5.040978 -0.476820 1.483755
v -5.040976 -0.476864 -1.483741
v -5.012924 -0.672948 1.494406
v -5.011699 -0.681940 -1.494644
v -4.941010 -0.872564 1.489191
v -4.937884 -0.893246 -1.489911
v -0.747846 0.124981 2.598985
v -1.800681 -0.291665 2.730238
v -0.719175 -0.021078 2.626220
v -1.765643 -0.452713 2.758742
v -0.689697 -0.171874 2.624952
v -1.717236 -0.613916 2.758030
v -1.800314 -0.291409 -2.730084
v -0.747513 0.124592 -2.598942
v -1.766564 -0.453351 -2.758667
v -0.718846 -0.022096 -2.626192
v -1.717352 -0.614914 -2.758065
v -0.690111 -0.174590 -2.624967
v -1.622754 -0.806941 2.556749
v -0.688883 -0.385176 2.426376
v 0.440694 1.294294 0.839482
v 0.431642 1.277241 -0.844277
v -4.716459 -0.303893 1.303026
v -4.716457 -0.303945 -1.303011
v -4.858218 -0.247129 1.368590
v -4.858215 -0.247176 -1.368572
v 0.319845 1.365183 -0.741817
v 0.335839 1.368368 0.741840
v 0.332475 1.572294 -0.782175
v 0.348639 1.575537 0.782191
v -0.852973 -0.015609 2.124356
v -0.823574 0.156856 2.213365
v -1.722407 -0.315790 2.248813
v -1.733696 -0.142021 2.340441
v 0.275038 1.283649 -0.709833
v 0.291850 1.347927 -0.717718
v 0.291242 1.286609 0.709914
v 0.307942 1.350296 0.717643
v -1.722344 -0.316498 -2.248272
v -1.733839 -0.142295 -2.340089
v -0.853728 -0.016508 -2.124179
v -0.823816 0.158456 -2.213320
v -4.493900 -0.504502 1.204838
v -4.618146 -0.301866 1.249919
v -4.493898 -0.504555 -1.204822
v -4.618144 -0.301921 -1.249907
v -0.882597 0.616742 2.212583
v -1.049606 1.227245 2.117115
v -1.817454 0.345249 2.338383
v -1.943270 1.015755 2.231469
v 0.282069 1.759102 -0.750802
v 0.143191 2.024916 -0.801010
v 0.300013 1.761013 0.750812
v 0.164411 2.026452 0.801023
v -1.818027 0.344991 -2.337962
v -1.943285 1.015718 -2.231450
v -0.882760 0.616695 -2.212495
v -1.049533 1.227254 -2.117095
v -4.693431 0.242291 1.244712
v -4.604269 1.066919 1.140491
v -4.693429 0.242243 -1.244700
v -4.604266 1.066888 -1.140477
v -3.670729 2.922437 0.352058
v -3.670729 2.922437 -0.352048
v -4.460037 -1.038483 0.447275
v -4.456820 -1.050187 -0.447042
v -1.454122 3.393300 -0.347305
v -1.452818 3.393188 0.347316
v 0.306835 1.298116 -0.356248
v 0.308744 1.299932 0.356632
v 0.301649 1.361171 0.348112
v 0.300096 1.361141 -0.348064
v -4.786068 -0.432486 -0.434380
v -4.786068 -0.432458 0.434405
v -5.078562 -1.044844 0.480179
v -5.076577 -1.054058 -0.480393
v 0.505273 1.476187 0.373384
v 0.504450 1.471889 -0.373434
v 0.395403 1.671775 -0.357163
v 0.396971 1.671766 0.357263
v -5.302778 -0.295813 0.474395
v -5.302783 -0.295830 -0.474349
v -4.656350 1.980449 -0.388190
v -4.656351 1.980449 0.388200
v -4.061255 2.632162 0.360254
v -4.061255 2.632162 -0.360245
v -0.133029 2.677947 0.364428
v -0.135445 2.678286 -0.364416
v -0.877277 3.246102 -0.353885
v -0.875514 3.245994 0.353896
v 0.451599 1.660010 -0.364300
v 0.453072 1.659962 0.364413
v 0.505369 1.622242 0.371457
v 0.504281 1.621137 -0.371311
v 0.516500 1.549702 0.373490
v 0.515379 1.546665 -0.373399
v -2.259815 3.430508 0.351538
v -2.259815 3.430508 -0.351529
v -2.727626 3.356412 -0.356021
v -2.727626 3.356412 0.356030
v -4.784322 -1.137225 0.467948
v -4.781404 -1.148979 -0.468018
v -5.332552 -0.461783 0.480650
v -5.332560 -0.461798 -0.480593
v -5.289441 -0.675976 -0.482436
v -5.289956 -0.673175 0.482475
v -5.198977 -0.888726 -0.482466
v -5.200293 -0.882317 0.482389
v 0.418655 1.362595 -0.365866
v 0.419449 1.366785 0.365958
v -4.995829 -0.226039 0.454221
v -4.995831 -0.226063 -0.454196
v -5.148596 -0.198602 -0.456158
v -5.148592 -0.198584 0.456197
v 0.322752 1.430765 -0.350587
v 0.324282 1.430782 0.350637
v 0.346013 1.636983 0.351184
v 0.344480 1.636980 -0.351106
v 0.277768 1.357951 -0.346742
v 0.279329 1.357980 0.346776
v 0.292169 1.416533 -0.350579
v 0.293715 1.416505 0.350594
v -4.750971 -0.412688 0.435975
v -4.750970 -0.412721 -0.435958
v -4.884164 -0.187489 0.452444
v -4.884164 -0.187524 -0.452433
v 0.302476 1.831016 0.359383
v 0.300824 1.831142 -0.359368
v 0.190305 2.110456 -0.356112
v 0.192209 2.110261 0.356127
v -4.947238 0.378535 -0.448382
v -4.947239 0.378562 0.448391
v -4.833055 1.212222 0.416936
v -4.833055 1.212211 -0.416925
v -1.719716 3.080408 -1.151376
v -0.166963 0.072682 -1.870034
v -1.719750 3.080377 1.151389
v -0.167340 0.107389 1.865175
v -0.221197 0.359357 1.807506
v -0.221136 0.357213 -1.807544
v 0.003590 0.180132 -2.213702
v 0.003762 0.192936 2.210599
v -0.086774 0.646361 2.117317
v -0.086779 0.646481 -2.117296
v -1.448254 2.839561 -1.422679
v -0.890986 2.199619 -1.734866
v -0.891200 2.199395 1.734882
v -1.448397 2.839439 1.422694
v -1.776160 3.313758 0.671221
v -1.782591 3.314395 -0.671211
v -0.149110 0.662779 2.008469
v -0.159071 0.539030 1.914178
v -0.159076 0.538822 -1.914163
v -0.149124 0.663118 -2.008449
v -0.056685 0.067286 -2.073951
v 0.003340 0.310894 2.233624
v -0.012617 0.447194 2.226276
v -0.035997 0.571247 2.194415
v -0.035973 0.571404 -2.194397
v -0.012596 0.446061 -2.226570
v 0.002739 0.304128 -2.235252
v -0.057051 0.090291 2.069264
v -0.227954 0.370908 1.775832
v -0.172498 0.512197 1.840790
v -0.172541 0.509730 -1.840752
v -0.228098 0.368020 -1.775647
v -0.225570 0.976450 1.845246
v -0.434631 1.479501 1.793717
v -0.434509 1.479678 -1.793699
v -0.225577 0.976339 -1.845231
v -1.809491 3.417696 -0.348934
v -1.808848 3.417634 0.348943
v -2.920496 2.867668 -1.238546
v -2.403452 -0.976576 -2.275916
v -2.920494 2.867669 1.238558
v -2.408318 -0.940203 2.272920
v -2.572273 -0.539860 2.231705
v -2.572437 -0.540056 -2.231252
v -2.627459 -0.986125 -2.659493
v -2.628534 -0.980102 2.658824
v -2.771115 -0.381003 2.594427
v -2.771161 -0.380931 -2.594096
v -2.903047 1.729727 -2.001065
v -2.893775 2.546122 -1.594575
v -2.903048 1.729741 2.001082
v -2.893775 2.546137 1.594589
v -3.059415 3.115902 -0.697576
v -3.059413 3.115901 0.697586
v -2.643755 -0.384034 2.355569
v -2.727641 -0.300338 2.460249
v -2.644077 -0.383545 -2.355782
v -2.727786 -0.300277 -2.459849
v -2.512679 -1.061884 -2.501761
v -2.772027 -0.513826 2.663389
v -2.739692 -0.681852 2.690926
v -2.687178 -0.849921 2.690899
v -2.772045 -0.513072 -2.663081
v -2.740247 -0.682300 -2.690778
v -2.687023 -0.852629 -2.691100
v -2.515373 -1.045913 2.500153
v -2.553084 -0.512940 2.203032
v -2.601675 -0.340292 2.290312
v -2.553086 -0.515814 -2.201847
v -2.601902 -0.343561 -2.289838
v -2.690898 0.151483 2.287749
v -2.770543 0.860324 2.175090
v -2.691178 0.151377 -2.287533
v -2.770559 0.860331 -2.175071
v -3.120023 3.214542 -0.354938
v -3.120023 3.214542 0.354947
v -0.142422 0.662349 -1.021477
v -0.910445 0.131869 -1.306289
v -1.950187 -0.377579 -1.438707
v -2.911564 -0.768287 -1.432820
v -0.218122 0.784104 -0.453489
v -1.063260 0.295175 -0.556083
v -2.153799 -0.211014 -0.587067
v -3.135598 -0.623032 -0.563179
v -0.216785 0.788944 0.454418
v -1.062659 0.301855 0.558945
v -2.154028 -0.204222 0.592210
v -3.137114 -0.613175 0.564930
v -0.135862 0.678421 1.019271
v -0.906579 0.152113 1.306455
v -1.949419 -0.356873 1.440598
v -2.914727 -0.739648 1.432490
v -4.670556 1.992591 0.000005
v -4.067872 2.640787 0.000005
v -3.675083 2.930722 0.000005
v -0.126104 2.690464 0.000006
v -0.872222 3.258268 0.000005
v -1.453645 3.404137 0.000005
v 0.451220 1.666992 0.000069
v 0.504603 1.630352 0.000111
v 0.515792 1.557477 0.000157
v 0.396060 1.678888 0.000053
v 0.504236 1.483631 0.000165
v -2.266443 3.442725 0.000005
v -2.735529 3.368713 0.000004
v -4.807913 -1.140233 0.000045
v -4.481638 -1.037190 0.000203
v -5.104830 -1.049428 -0.000048
v -5.364954 -0.460118 0.000031
v -5.320519 -0.674257 0.000035
v -5.228545 -0.885812 -0.000003
v -5.336235 -0.292389 0.000025
v 0.417150 1.373459 0.000318
v 0.306511 1.307527 0.000421
v -5.026872 -0.217399 0.000013
v -5.180859 -0.193197 0.000021
v 0.323036 1.437885 0.000026
v 0.345768 1.643989 0.000042
v 0.278039 1.366058 0.000015
v 0.292169 1.424009 0.000013
v 0.300588 1.369290 0.000021
v -4.779534 -0.402502 0.000009
v -4.913721 -0.174797 0.000006
v -4.814928 -0.423366 0.000012
v 0.302829 1.838970 0.000008
v 0.195419 2.119767 0.000008
v -4.975439 0.393691 0.000004
v -4.858475 1.228362 0.000005
v -1.812480 3.429175 0.000005
v -3.126757 3.225502 0.000004
v -0.226155 0.799428 0.000638
v -1.080120 0.315906 0.001581
v -2.176592 -0.189884 0.002752
v -3.161157 -0.603007 0.000991
v -0.821341 -0.265040 0.710604
v -0.887009 0.717381 0.676359
v -0.758496 -0.455080 1.059237
v -0.803764 0.220855 1.032072
v 0.716253 -0.715367 0.957278
v 0.507629 1.143182 0.916507
v 0.648860 -0.827358 1.291744
v 0.569374 0.320876 1.292629
v 1.012486 -1.413718 2.132799
v 0.984823 -0.657131 2.209189
v 1.395908 -0.151740 1.054470
v 1.298715 2.465708 1.043315
v -0.800998 -0.822670 1.907574
v -0.803242 -1.368568 1.891428
v 3.477395 0.795301 1.047499
v 2.959106 2.635232 1.041516
v -0.861603 0.960977 -0.000015
v 0.397331 1.450386 -0.000167
v 3.583105 0.445817 -0.000023
v 3.201940 2.760312 -0.000162
v 0.101029 -1.998133 3.589150
v -0.748641 -2.069001 3.526443
v -0.925330 -2.534317 3.516793
v 0.124789 -2.448784 3.569584
v -2.222648 -0.789493 0.853079
v -2.092282 -0.254669 0.841377
v -3.548389 -0.948138 0.920373
v -3.398664 -0.308709 0.879334
v -2.252808 -1.966845 1.409428
v -2.080585 -1.325508 1.352358
v -4.075159 -2.038332 1.579837
v -3.911283 -1.294896 1.494860
v -3.415606 -3.089381 2.603531
v -3.295758 -2.674962 2.593966
v -4.360847 -3.106484 2.643295
v -4.124679 -2.669180 2.655670
v -0.986172 0.168116 0.672624
v -0.915732 -0.181532 1.022360
v 0.750891 -0.509174 1.314884
v 0.808929 -0.077684 1.024920
v 1.383790 0.540371 1.241593
v 3.352249 1.488552 1.132109
v 1.173616 -1.199647 2.175057
v -0.993366 -1.206776 1.854865
v 0.123953 -2.356164 3.647243
v -0.966738 -2.457967 3.587615
v -2.060562 -0.593026 0.848304
v -3.670760 -0.777026 0.918103
v -2.063283 -1.788808 1.381112
v -4.303674 -1.850723 1.579264
v -3.400746 -3.015088 2.640881
v -4.397538 -3.048524 2.689883
v 3.812063 1.522786 0.792380
v 3.849944 1.224707 0.784738
v 4.063496 1.245909 0.000362
v 4.040431 1.762448 0.001650
v 2.270899 2.709894 1.221504
v 2.181312 0.258671 1.265038
v 2.229289 0.986677 1.572684
v -0.465662 -2.547725 3.614038
v -0.435261 -2.085284 3.629692
v -0.094378 0.311814 1.169529
v -0.041412 -0.770539 1.180375
v -0.094823 -0.730732 0.820774
v -0.171406 0.921517 0.777454
v 0.137513 -0.681578 2.080311
v 0.130084 -1.402246 2.036988
v -0.107640 1.056452 -0.000051
v -0.069325 -0.884261 0.000158
v -0.547542 -2.505780 3.758988
v -0.596804 -1.510911 2.864699
v 0.668067 -1.427763 3.001873
v -0.730249 -2.105564 2.847818
v 0.684879 -2.085140 2.951684
v -0.841514 -1.938946 2.837355
v 0.828337 -1.885004 2.975438
v -0.037457 -2.121686 2.905500
v -0.021558 -1.431685 2.943516
v -3.870879 -2.239858 2.304022
v -2.705111 -2.395926 2.218570
v -2.893379 -2.884865 2.262639
v -4.172346 -2.811485 2.343986
v -4.289926 -2.691863 2.361170
v -2.753515 -2.791373 2.253785
v -0.820411 -0.230831 0.316286
v 0.380745 1.398735 0.394595
v 1.206080 2.824705 0.481838
v 3.119082 2.741234 0.461623
v -0.877601 0.914053 0.300663
v 0.728996 -0.957519 0.424745
v 1.428158 -0.422870 0.491975
v 3.553250 0.503983 0.470815
v 3.593965 1.918543 0.462277
v 4.003370 1.234806 0.354149
v 3.971748 1.712453 0.362093
v 2.156818 0.010607 0.545682
v 2.304350 3.057561 0.513011
v -0.135890 1.018628 0.352220
v -0.080117 -0.845909 0.368199
v 2.686542 2.710870 1.171895
v 2.863961 0.430934 1.205004
v 2.823835 1.195070 1.470453
v 2.863639 0.082011 0.535353
v 2.772557 2.955198 0.488823
v 1.788602 2.661057 1.154691
v 1.715012 0.080481 1.176344
v 1.717687 -0.280509 -0.000064
v 1.779279 3.123789 -0.000135
v 1.750559 0.762457 1.452296
v 1.777318 3.056165 0.505007
v 1.709482 -0.146004 0.522054
v -2.697147 -0.138574 0.851151
v -2.859164 -0.758853 0.877151
v -2.840476 -1.183503 1.394348
v -3.060784 -1.972811 1.483546
v -3.775937 -2.698397 2.666906
v -3.922464 -3.130944 2.661055
v -4.004656 -3.101772 2.749266
v -3.434151 -2.801085 2.278229
v -3.174940 -2.238704 2.219853
v 0.844897 2.011534 0.931542
v 1.145782 -0.427442 0.978469
v 1.211528 -0.807715 0.000112
v 1.097743 0.276242 1.079545
v 1.194316 -0.694933 0.465945
v 0.657008 2.249501 0.441632
v -0.822433 -0.262012 -0.710416
v -0.887027 0.715245 -0.676239
v -0.758411 -0.452613 -1.059164
v -0.805961 0.222794 -1.031856
v 0.747004 -0.745549 -0.919446
v 0.518309 1.129607 -0.893681
v 0.676045 -0.861497 -1.250388
v 0.555381 0.272557 -1.247465
v 1.017692 -1.420391 -2.124423
v 0.979619 -0.662572 -2.199977
v 1.395899 -0.151815 -1.054854
v 1.298686 2.465674 -1.044116
v -0.803189 -0.818146 -1.907765
v -0.803226 -1.368073 -1.891363
v 3.482810 0.827232 -1.017397
v 2.958367 2.645389 -1.031604
v -0.812976 -0.220020 0.000013
v 0.747014 -1.034485 0.000614
v 1.442183 -0.558133 -0.000059
v 1.195909 2.886575 -0.000129
v 0.101029 -1.998131 -3.589085
v -0.748641 -2.068999 -3.526377
v -0.925330 -2.534315 -3.516728
v 0.124789 -2.448782 -3.569518
v -2.222649 -0.789494 -0.853079
v -2.092281 -0.254670 -0.841377
v -3.548389 -0.948138 -0.920373
v -3.398664 -0.308708 -0.879334
v -2.252808 -1.966845 -1.409428
v -2.080585 -1.325508 -1.352358
v -4.075158 -2.038332 -1.579837
v -3.911283 -1.294896 -1.494860
v -3.415606 -3.089381 -2.603530
v -3.295758 -2.674962 -2.593966
v -4.360847 -3.106484 -2.643295
v -4.124679 -2.669180 -2.655669
v -0.985617 0.169528 -0.672509
v -0.915688 -0.179233 -1.022281
v 0.770335 -0.556913 -1.255915
v 0.834038 -0.124920 -0.969591
v 1.383734 0.540317 -1.242053
v 3.350689 1.616320 -1.098317
v 1.177149 -1.208858 -2.163208
v -0.993376 -1.206284 -1.854804
v 3.686812 2.044379 0.000495
v 0.123953 -2.356161 -3.647178
v -0.966738 -2.457964 -3.587549
v -2.060562 -0.593028 -0.848303
v -3.670759 -0.777026 -0.918103
v -2.063283 -1.788808 -1.381112
v -4.303674 -1.850723 -1.579264
v -3.400746 -3.015088 -2.640881
v -4.397538 -3.048524 -2.689883
v 3.812509 1.588905 -0.762895
v 3.859190 1.250110 -0.758104
v 2.270894 2.710135 -1.222566
v 2.181498 0.260952 -1.264409
v 2.162121 -0.117789 -0.000059
v 2.317214 3.116620 -0.000141
v 2.229877 0.995689 -1.573954
v -0.465662 -2.547723 -3.613972
v -0.435261 -2.085281 -3.629627
v -0.105456 0.309126 -1.160382
v -0.035769 -0.774068 -1.172477
v -0.093096 -0.734334 -0.812963
v -0.170531 0.923819 -0.775449
v 0.128139 -0.665308 -2.079471
v 0.131169 -1.403393 -2.035342
v -0.547542 -2.505778 -3.758922
v -0.597258 -1.509823 -2.864710
v 0.667613 -1.426677 -3.001905
v -0.730249 -2.105562 -2.847752
v 0.684879 -2.085140 -2.951628
v -0.841517 -1.938935 -2.837290
v 0.828333 -1.884995 -2.975388
v -0.037457 -2.121683 -2.905436
v -0.023375 -1.427342 -2.943762
v -3.870879 -2.239858 -2.304022
v -2.705111 -2.395926 -2.218570
v -2.893379 -2.884865 -2.262638
v -4.172346 -2.811486 -2.343987
v -4.289926 -2.691863 -2.361170
v -2.753515 -2.791373 -2.253785
v -0.820430 -0.229588 -0.310854
v 0.388393 1.406473 -0.388210
v 1.205906 2.825617 -0.474242
v 3.119465 2.747973 -0.453269
v -0.874140 0.906282 -0.295590
v 0.736242 -0.968832 -0.410551
v 1.428394 -0.427114 -0.483859
v 3.556011 0.503672 -0.457833
v 3.595099 1.980034 -0.446228
v 4.006861 1.238882 -0.342316
v 3.972246 1.735874 -0.345171
v 2.156911 0.008409 -0.536337
v 2.304561 3.058553 -0.505128
v -0.132548 1.019809 -0.346251
v -0.079579 -0.848443 -0.360091
v 2.686451 2.713072 -1.169182
v 2.865379 0.446863 -1.194558
v 2.872364 -0.036065 -0.000020
v 2.819561 2.984485 -0.000150
v 2.825849 1.255928 -1.465009
v 2.864236 0.080079 -0.524019
v 2.773122 2.955695 -0.481485
v 1.788592 2.661043 -1.155781
v 1.715002 0.080406 -1.176813
v 1.750541 0.762392 -1.452971
v 1.777347 3.057266 -0.497087
v 1.709616 -0.148309 -0.513455
v -0.984995 0.298148 -0.293652
v -0.977203 0.331753 0.000027
v -0.986416 0.300873 0.298690
v -2.697147 -0.138574 -0.851151
v -2.859164 -0.758854 -0.877151
v -2.840476 -1.183503 -1.394349
v -3.060784 -1.972811 -1.483546
v -3.775937 -2.698397 -2.666906
v -3.922465 -3.130943 -2.661056
v -4.004656 -3.101773 -2.749266
v -3.434151 -2.801085 -2.278229
v -3.174940 -2.238704 -2.219853
v 0.849690 2.010502 -0.930077
v 1.152176 -0.433942 -0.970843
v 0.638606 2.300398 -0.000137
v 1.102716 0.267280 -1.069023
v 1.196444 -0.702222 -0.456458
v 0.658508 2.251839 -0.434640
v -2.313155 -1.952528 -1.796020
v -2.507601 -2.535912 -1.856879
v -4.113832 -2.512298 -2.000781
v -3.849437 -1.825876 -1.925013
v -4.298374 -2.353067 -2.009567
v -2.337560 -2.404638 -1.834886
v -2.936131 -1.783102 -1.817339
v -3.201537 -2.487592 -1.907236
v -2.313155 -1.952529 1.796020
v -2.507601 -2.535912 1.856879
v -4.113832 -2.512298 2.000782
v -3.849437 -1.825876 1.925013
v -4.298374 -2.353067 2.009568
v -2.337560 -2.404638 1.834886
v -2.936131 -1.783102 1.817339
v -3.201537 -2.487592 1.907236
v -1.009366 0.598562 0.655875
v -0.655935 -2.098301 3.598199
v -0.925258 0.138458 1.008961
v -0.450998 -0.613898 1.112589
v -0.571058 0.808480 0.725331
v -0.753894 -0.279927 0.889788
v -0.827046 -0.280686 1.414491
v 0.568146 -0.723693 1.115131
v 0.809256 -0.157801 1.715449
v 0.857452 -1.063774 1.669223
v 2.846817 2.691713 1.110869
v -0.795112 -0.870516 1.419094
v 3.190462 0.586058 1.143032
v -0.392738 -0.744313 1.985957
v -0.970693 -0.916644 1.868926
v -0.827034 -2.183014 3.581068
v -0.667037 -1.841101 3.280900
v 0.918716 -1.071123 2.627785
v -0.845797 -2.384348 3.268752
v 0.936406 -1.772291 2.555314
v -1.984496 0.444000 0.433286
v -3.505200 0.137585 0.439754
v -2.003018 -0.327819 0.843297
v -3.553805 -0.422450 0.892289
v -1.930133 0.387850 0.635697
v -1.987064 -1.430509 1.353261
v -4.156066 -1.414922 1.526162
v -2.224838 -1.380659 1.111682
v -3.819476 -1.494507 1.235488
v -3.677026 -0.798296 1.170680
v -2.075024 -0.781022 1.076700
v -3.329096 -2.751557 2.629871
v -4.226403 -2.768182 2.694792
v -4.020249 -2.491727 2.518241
v -2.170140 -1.697518 1.589327
v -2.356423 -2.326584 1.653289
v -4.145282 -2.351919 1.824996
v -2.099587 -0.717066 0.849476
v -3.667097 -0.903280 0.924077
v -2.107024 -1.899836 1.392022
v -4.274859 -1.975494 1.590104
v -3.416489 -3.075081 2.634543
v -4.420188 -3.106276 2.677839
v -4.374543 -2.890914 2.546896
v -3.062050 -2.925038 2.470075
v -2.047831 -1.189991 1.094297
v -4.000523 -1.316720 1.233930
v 0.992308 -0.809610 1.704606
v 3.088743 1.315682 1.347635
v 0.654069 -0.340233 1.129972
v -0.903467 0.040814 0.853149
v -0.826232 -2.527104 3.725149
v -0.975371 -0.661057 1.380006
v -0.915083 -2.240095 3.274001
v 0.485518 -2.157687 3.358507
v 3.651803 1.479139 0.925272
v 3.713048 1.036166 0.908278
v 3.872238 0.847262 0.000012
v 2.255203 2.305305 1.466543
v -0.775694 -2.567431 3.585864
v -0.498097 0.271912 1.091398
v -0.510771 -0.518627 0.758678
v -0.401488 -1.390917 1.959234
v -0.516965 1.009737 -0.000017
v -0.263823 -2.389199 3.311000
v -0.240503 -1.785864 3.336976
v 0.055340 -1.037187 1.561321
v 0.034648 -0.169023 1.580045
v -0.085576 -0.664077 1.002272
v -0.156901 0.583394 0.973270
v -0.679336 -1.204601 2.398624
v 0.349680 -1.771476 3.364993
v -0.743845 -1.776480 2.377321
v 0.371267 -2.324742 3.334632
v -0.905029 -1.618176 2.353081
v 1.096798 -1.567245 2.591194
v 0.102850 -1.782498 2.484158
v 0.118255 -1.087225 2.531595
v -0.439098 -2.123594 2.873672
v -0.721568 -1.605756 2.846876
v -0.357851 -1.459689 2.900446
v -3.811498 -2.018672 2.105052
v -3.027311 -2.567057 2.445720
v -3.181298 -3.019182 2.470930
v -4.298210 -2.993144 2.526668
v -4.259496 -2.513325 2.181107
v -2.521655 -2.611114 2.040730
v -2.793420 -2.861442 2.259434
v -4.062386 -2.336509 2.334193
v -4.300788 -2.772283 2.359285
v -1.830174 0.839302 0.437135
v -3.181330 0.880588 0.437014
v -3.637483 0.368718 0.436976
v -0.504421 -0.565672 0.339034
v 3.825535 0.866718 0.408017
v 3.787993 1.827058 0.411807
v 3.225481 0.235852 0.512880
v 2.959217 2.881879 0.469560
v -0.539851 0.966511 0.324343
v 2.695154 2.367551 1.388111
v 1.786399 2.209402 1.376149
v 0.694699 0.166791 1.308736
v 0.635629 0.879205 1.003319
v 1.341355 2.021012 1.203655
v 3.018939 2.409321 1.130367
v 1.133077 -0.762628 2.217376
v 3.357081 2.543863 -0.000152
v 0.104816 -2.100693 3.645606
v -0.519131 -2.260726 3.749010
v 0.799493 -1.517026 3.003685
v -2.658042 -2.499762 2.228969
v 3.260935 2.498491 0.474963
v 0.449444 0.618834 1.077919
v -0.804519 0.480516 0.852497
v -3.202370 0.351033 0.636330
v -3.468255 -0.317414 0.651721
v -2.075031 -0.042352 0.631725
v -1.897820 0.139967 0.632447
v -3.584734 -0.083167 0.644443
v 0.506121 1.861295 -0.000164
v 1.024512 -0.940346 0.000422
v -2.541039 0.417474 0.636338
v -2.759443 -0.037933 0.635606
v -2.478878 0.892872 0.437786
v -3.006118 -2.004940 2.005279
v -3.280490 -2.633993 2.084175
v -4.010870 -3.155602 2.734820
v -3.689921 -2.990914 2.490878
v -3.916897 -2.839458 2.749628
v -2.770385 -0.648152 1.104841
v -3.480594 -2.484904 2.466627
v -2.955830 -1.370538 1.163904
v -2.730603 0.428876 0.434192
v 0.677386 1.653430 0.882054
v 0.971086 -0.576663 0.957327
v 0.945894 0.101581 1.035899
v 1.006087 -0.844019 0.447759
v 0.509019 1.817820 0.417563
v 0.944083 1.652251 1.045902
v -1.008605 0.595872 -0.655899
v -0.655935 -2.098299 -3.598133
v -0.925529 0.138762 -1.008923
v -0.450240 -0.612515 -1.111557
v -0.572642 0.808423 -0.724756
v -0.753823 -0.277007 -0.889699
v -0.829458 -0.277028 -1.414498
v 0.602142 -0.764934 -1.067350
v 0.798213 -0.183305 -1.687360
v 0.873213 -1.083899 -1.644197
v 2.846441 2.696758 -1.105035
v -0.795063 -0.869037 -1.419027
v 3.193196 0.612118 -1.121582
v -0.399114 -0.731573 -1.986388
v -0.970967 -0.916065 -1.868902
v -1.796326 0.574734 -0.433583
v -0.827034 -2.183011 -3.581002
v -0.667094 -1.840963 -3.280844
v 0.916986 -1.069229 -2.626810
v -0.845797 -2.384346 -3.268687
v 0.937057 -1.773126 -2.554231
v -1.984494 0.444000 -0.433286
v -3.505200 0.137585 -0.439754
v -2.003018 -0.327820 -0.843297
v -3.553805 -0.422450 -0.892289
v -1.930132 0.387850 -0.635697
v -1.987064 -1.430509 -1.353260
v -4.156065 -1.414923 -1.526162
v -2.224838 -1.380660 -1.111682
v -3.819477 -1.494507 -1.235488
v -3.677026 -0.798295 -1.170680
v -2.075024 -0.781022 -1.076700
v -3.329095 -2.751557 -2.629871
v -4.226403 -2.768182 -2.694792
v -4.020249 -2.491727 -2.518241
v -2.170140 -1.697518 -1.589327
v -2.356423 -2.326584 -1.653289
v -4.145282 -2.351920 -1.824996
v -4.374543 -2.890914 -2.546896
v -3.062050 -2.925039 -2.470075
v -2.047831 -1.189992 -1.094297
v -4.000523 -1.316720 -1.233930
v 1.003154 -0.837752 -1.669084
v 3.089317 1.415539 -1.326192
v 0.680017 -0.397216 -1.061356
v -0.903366 0.043545 -0.853027
v -0.826232 -2.527102 -3.725084
v -0.975364 -0.659665 -1.379944
v -0.915083 -2.240091 -3.273937
v 0.485518 -2.157683 -3.358443
v 3.650480 1.581292 -0.891915
v 3.722085 1.065447 -0.877784
v 2.255244 2.306304 -1.465968
v -0.775694 -2.567429 -3.585798
v -0.504704 0.276179 -1.089756
v -0.513548 -0.516792 -0.757427
v -0.401342 -1.390762 -1.958974
v -0.263823 -2.389196 -3.310935
v -0.240730 -1.785319 -3.336950
v 0.058622 -1.038594 -1.556512
v 0.023269 -0.156755 -1.574897
v -0.078703 -0.669611 -0.993179
v -0.165577 0.575671 -0.963666
v -0.680689 -1.201456 -2.398774
v 0.349623 -1.771339 -3.364940
v -0.743843 -1.776416 -2.377256
v 0.371267 -2.324739 -3.334568
v -0.905039 -1.618092 -2.353017
v 1.097231 -1.568378 -2.589694
v 0.102986 -1.782641 -2.483899
v 0.112767 -1.074916 -2.532175
v -0.439098 -2.123592 -2.873607
v -0.721625 -1.605618 -2.846820
v -0.359157 -1.456568 -2.900602
v -3.811498 -2.018672 -2.105052
v -3.027311 -2.567056 -2.445720
v -3.181298 -3.019182 -2.470930
v -4.298210 -2.993144 -2.526668
v -4.259496 -2.513325 -2.181107
v -2.521655 -2.611114 -2.040730
v -4.062386 -2.336508 -2.334192
v -1.830172 0.839302 -0.437135
v -3.181330 0.880588 -0.437014
v -3.637483 0.368718 -0.436976
v -0.505080 -0.565182 -0.332963
v 3.829182 0.867935 -0.396032
v 3.788491 1.872696 -0.394816
v 3.227052 0.234534 -0.500280
v 2.959668 2.882962 -0.462404
v -0.536930 0.962466 -0.318812
v 2.695207 2.375832 -1.375557
v 1.786374 2.209399 -1.377229
v 0.680771 0.110821 -1.249941
v 0.647542 0.839088 -0.959884
v 1.341242 2.021015 -1.204349
v 3.018089 2.432913 -1.107814
v 1.129488 -0.772817 -2.205339
v 0.104816 -2.100690 -3.645540
v -0.519131 -2.260723 -3.748944
v 0.799437 -1.516890 -3.003652
v -2.658042 -2.499763 -2.228969
v 3.261579 2.519282 -0.463305
v 0.440220 0.563116 -1.029947
v -0.806388 0.481553 -0.852220
v -3.202370 0.351033 -0.636330
v -3.468255 -0.317414 -0.651721
v -2.075031 -0.042353 -0.631725
v -1.897819 0.139966 -0.632447
v -3.584734 -0.083167 -0.644443
v -1.796327 0.574734 0.433583
v 3.867564 1.919824 0.001250
v -0.496189 -0.576344 0.000024
v 3.025195 2.898390 -0.000158
v 3.242198 0.142158 -0.000015
v -1.007328 0.786989 -0.286068
v -0.998551 0.840488 -0.000026
v -1.010410 0.795455 0.290875
v -2.541039 0.417474 -0.636338
v -2.759444 -0.037934 -0.635606
v -2.478878 0.892872 -0.437786
v -3.006118 -2.004941 -2.005279
v -3.280490 -2.633993 -2.084175
v -3.689921 -2.990914 -2.490877
v -3.916898 -2.839458 -2.749628
v -2.770385 -0.648152 -1.104841
v -3.480594 -2.484904 -2.466627
v -2.955830 -1.370538 -1.163904
v -2.730603 0.428876 -0.434192
v 0.691495 1.650536 -0.876160
v 0.990219 -0.595122 -0.933887
v 0.961030 0.073979 -1.003620
v 1.011612 -0.854368 -0.435229
v 0.514210 1.823402 -0.410907
v 0.948331 1.642151 -1.040799
v -2.476093 -2.184586 -2.000074
v -2.675153 -2.717726 -2.055257
v -4.107832 -2.650829 -2.166849
v -3.933060 -1.618455 -1.738580
v -4.366488 -2.172365 -1.828191
v -2.171175 -2.169526 -1.624682
v -2.891313 -1.543264 -1.626839
v -3.138630 -2.316029 -1.723710
v -4.082583 -1.937232 -1.961082
v -2.244788 -2.065560 -1.803285
v -2.476093 -2.184586 2.000074
v -2.675152 -2.717726 2.055257
v -4.107831 -2.650830 2.166849
v -3.933060 -1.618456 1.738580
v -4.366488 -2.172365 1.828191
v -2.171175 -2.169526 1.624682
v -2.891313 -1.543265 1.626839
v -3.138630 -2.316029 1.723710
v -4.082583 -1.937232 1.961082
v -2.244788 -2.065560 1.803285
v -4.287779 -2.458308 2.015342
v -2.381213 -2.493956 1.844972
v 0.457167 -1.849649 3.372960
v -0.739463 -2.271620 3.714545
v 0.575690 0.460028 1.100668
v -0.524937 0.534375 0.905191
v 0.946553 -0.283155 1.727147
v -0.452857 -0.214518 1.487857
v -0.498817 -1.805694 3.308597
v -3.981817 -1.441112 1.242569
v -1.981766 -0.871481 1.077781
v -2.981872 -2.651196 2.453862
v -4.395165 -2.960592 2.541104
v -3.094581 -2.990430 2.471897
v -2.089192 -1.309442 1.100490
v -0.609625 -2.400277 3.289555
v -0.428866 -0.955345 1.483981
v -0.468266 -0.478163 0.938378
v -0.382539 -1.786379 2.426906
v -0.337408 -1.135946 2.459355
v 1.063272 -1.167951 2.632246
v -2.564198 -2.689435 2.048683
v -4.260132 -2.605510 2.182860
v -2.422876 -2.296963 2.010930
v -3.642772 0.196856 0.439153
v -3.365749 0.804482 0.435807
v -4.028365 -2.124209 2.140634
v -0.834956 -1.302291 2.367927
v -0.766999 -1.930794 3.277800
v -0.977168 -0.367010 1.381387
v -0.915312 0.392034 0.833362
v 2.872858 2.389367 1.292144
v -3.878920 -0.918601 1.193288
v -4.168191 -2.577866 2.539742
v -3.365163 0.285907 0.636153
v -1.940084 0.027598 0.632150
v -1.838139 0.341062 0.634477
v -3.590765 -0.253874 0.650336
v -1.733852 0.775782 -0.435556
v 0.783296 1.351949 0.989276
v 0.457160 -1.849631 -3.372899
v -0.739463 -2.271618 -3.714480
v 0.565346 0.393694 -1.035361
v -0.530465 0.535871 -0.903333
v 0.936672 -0.315482 -1.691088
v -0.460009 -0.204789 -1.487280
v -0.498980 -1.805301 -3.308558
v -1.981766 -0.871482 -1.077781
v -2.981872 -2.651196 -2.453862
v -0.609625 -2.400274 -3.289489
v -0.428424 -0.954889 -1.483331
v -0.467438 -0.477196 -0.937189
v -0.382521 -1.786358 -2.426817
v -0.341308 -1.126942 -2.459878
v 1.062688 -1.168905 -2.630761
v -2.422876 -2.296963 -2.010930
v -3.365749 0.804482 -0.435807
v -4.028365 -2.124209 -2.140634
v -0.835124 -1.301894 -2.367889
v -0.767006 -1.930774 -3.277736
v -0.977468 -0.366516 -1.381358
v -0.915540 0.392237 -0.833323
v 2.872520 2.405283 -1.271941
v -3.878920 -0.918601 -1.193289
v -4.168190 -2.577866 -2.539742
v -1.733854 0.775782 0.435556
v -3.365163 0.285907 -0.636152
v -1.838137 0.341062 -0.634477
v -1.839441 0.492212 0.433542
v 0.795908 1.325593 -0.972593
v -4.182714 -1.734877 -1.773803
v -2.086141 -1.809051 -1.592597
v -4.182714 -1.734876 1.773803
v -2.086142 -1.809051 1.592597
v -4.342905 -2.290002 1.837662
v -2.215479 -2.270147 1.636449
v -0.788128 -0.269509 -0.800057
v 0.674573 -0.755241 -0.993398
v 0.479264 0.846362 -0.961814
v -0.846708 0.598399 -0.764229
v 0.757027 -0.261600 -1.015474
v -0.944491 0.106537 -0.762768
v -0.085900 -0.702413 -0.903071
v -0.168054 0.749745 -0.869557
v -0.962072 0.494054 -0.744611
v -0.490493 -0.496994 -0.847308
v -0.551553 0.672147 -0.814045
v 0.606444 0.616395 -0.997622
v -0.787617 -0.272484 0.800196
v 0.642200 -0.719530 1.036204
v 0.478536 0.881008 0.997213
v -0.845764 0.598949 0.764428
v 0.731499 -0.209142 1.077446
v -0.944820 0.104465 0.762887
v -0.090199 -0.697853 0.911523
v -0.164154 0.752456 0.875362
v -0.962339 0.495298 0.744619
v -0.489519 -0.498314 0.848528
v -0.547997 0.671427 0.815261
v 0.605660 0.669617 1.051993
vn 0.6314 -0.6674 -0.3949
vn -0.4104 0.7599 0.5040
vn 0.6319 -0.6610 0.4046
vn -0.4104 0.7599 -0.5040
vn 0.1948 -0.9569 0.2153
vn 0.1225 0.8596 0.4960
vn 0.1923 -0.9559 -0.2218
vn 0.1240 0.8600 -0.4950
vn 0.1371 0.9499 -0.2807
vn 0.1380 0.9495 0.2819
vn -0.8400 0.5426 -0.0010
vn -0.8358 0.5490 0.0010
vn -0.3645 0.6357 0.6804
vn -0.3235 -0.7025 0.6340
vn 0.9240 -0.3103 0.2233
vn -0.2139 0.8340 0.5087
vn -0.2109 0.8348 -0.5085
vn 0.9247 -0.2954 -0.2402
vn -0.3333 -0.6824 -0.6506
vn -0.3646 0.6357 -0.6805
vn -0.0213 0.9885 -0.1496
vn 0.2799 0.8219 0.4961
vn -0.5076 0.3313 0.7954
vn -0.4526 0.6129 0.6477
vn -0.4900 0.8090 0.3249
vn -0.4900 0.8090 -0.3249
vn -0.9319 0.3084 0.1910
vn -0.7598 0.6324 -0.1512
vn 0.7964 -0.5723 0.1956
vn -0.1539 0.7971 -0.5839
vn -0.0252 0.8278 -0.5604
vn -0.0111 -0.9847 -0.1741
vn 0.2227 -0.9657 -0.1332
vn 0.2229 -0.9632 0.1505
vn 0.1458 0.9236 -0.3547
vn 0.1468 0.9236 0.3540
vn 0.3110 -0.8822 0.3536
vn 0.3847 -0.8542 0.3499
vn 0.6111 -0.7438 0.2709
vn 0.6239 -0.7376 -0.2583
vn -0.0251 0.8279 0.5603
vn -0.1539 0.7971 0.5839
vn 0.3745 -0.8472 -0.3769
vn 0.3046 -0.8702 -0.3874
vn -0.4667 -0.2931 -0.8344
vn -0.4000 0.4043 -0.8225
vn 0.9130 -0.1575 -0.3762
vn 0.3494 0.4965 -0.7946
vn 0.9096 -0.1594 0.3837
vn 0.3616 0.4957 0.7897
vn -0.4523 0.8551 -0.2534
vn -0.2810 0.9424 -0.1816
vn -0.7648 0.6185 -0.1805
vn -0.7705 0.6111 0.1815
vn -0.2815 0.9397 0.1943
vn -0.4538 0.8483 0.2728
vn 0.3173 0.9417 -0.1120
vn 0.3173 0.9417 0.1120
vn -0.4886 0.2086 0.8472
vn -0.5048 -0.0599 0.8612
vn -0.4791 -0.2989 0.8253
vn 0.8706 0.0249 0.4914
vn 0.7488 0.2661 0.6070
vn 0.4166 0.6332 0.6523
vn 0.4263 0.6321 -0.6471
vn 0.7554 0.2641 -0.5997
vn 0.8700 0.0346 -0.4919
vn -0.4831 -0.2785 -0.8301
vn -0.5046 -0.0529 -0.8617
vn -0.4887 0.2079 -0.8473
vn -0.5823 -0.7462 0.3227
vn -0.5946 -0.7370 -0.3213
vn 0.2206 -0.5765 -0.7867
vn 0.4981 -0.4916 -0.7143
vn 0.9597 -0.2772 0.0449
vn 0.9527 -0.2991 -0.0539
vn 0.5051 -0.5106 0.6958
vn 0.2241 -0.5932 0.7733
vn -0.1388 0.7518 0.6446
vn -0.1863 0.6888 0.7006
vn -0.2807 0.9274 -0.2471
vn -0.2691 0.9312 0.2459
vn -0.1863 0.6887 -0.7007
vn -0.1384 0.7511 -0.6455
vn -0.6467 0.6365 0.4204
vn -0.6467 0.6364 -0.4204
vn -0.0064 -0.9889 0.1484
vn 0.2797 0.8223 -0.4956
vn -0.0216 0.9884 0.1501
vn -0.7589 0.6348 0.1454
vn -0.9291 0.3119 -0.1987
vn 0.7899 -0.5784 -0.2037
vn -0.4002 0.4023 0.8234
vn -0.4666 -0.2931 0.8345
vn -0.4892 0.1605 -0.8573
vn -0.4901 0.0302 -0.8712
vn 0.6433 0.4091 -0.6471
vn 0.7936 0.2334 -0.5619
vn 0.6378 0.4041 0.6557
vn 0.7879 0.2318 0.5705
vn -0.4901 0.0302 0.8711
vn -0.4892 0.1605 0.8573
vn -0.4526 0.6129 -0.6477
vn -0.5076 0.3313 -0.7954
vn 0.2843 0.7440 -0.6047
vn 0.4744 0.5454 -0.6909
vn 0.2797 0.7430 0.6080
vn 0.4679 0.5420 0.6980
vn -0.7932 0.4047 0.4551
vn -0.6164 0.7047 0.3512
vn -0.7932 0.4047 -0.4551
vn -0.6164 0.7047 -0.3512
vn -0.0455 0.3169 -0.9474
vn -0.1008 0.5902 -0.8009
vn 0.1489 0.3873 -0.9098
vn 0.0552 0.6385 -0.7676
vn 0.6744 0.6327 -0.3807
vn 0.3993 0.8320 -0.3851
vn 0.6785 0.6325 0.3737
vn 0.4005 0.8334 0.3809
vn 0.1490 0.3873 0.9098
vn 0.0553 0.6385 0.7676
vn -0.0455 0.3169 0.9474
vn -0.1008 0.5902 0.8009
vn 0.3635 0.8812 -0.3022
vn 0.3612 0.8847 0.2948
vn 0.8570 0.4594 -0.2335
vn 0.8530 0.4682 0.2307
vn 0.9937 0.0542 -0.0978
vn 0.9954 0.0360 0.0888
vn -0.0500 0.9195 -0.3899
vn -0.2080 0.8911 -0.4033
vn -0.0497 0.9195 0.3899
vn -0.2080 0.8911 0.4033
vn -0.4933 0.5677 -0.6591
vn -0.2223 0.6407 -0.7349
vn -0.4532 0.8851 -0.1060
vn -0.2827 0.9518 -0.1192
vn -0.1383 -0.9887 -0.0584
vn -0.1275 -0.9896 0.0660
vn -0.2227 0.6412 0.7344
vn -0.4936 0.5703 0.6566
vn -0.2827 0.9519 0.1180
vn -0.4518 0.8863 0.1015
vn 0.5178 -0.8467 -0.1224
vn 0.3424 -0.9304 -0.1310
vn -0.8522 0.1185 0.5097
vn -0.8522 0.1183 -0.5097
vn -0.8501 -0.1993 0.4875
vn -0.8511 -0.1954 -0.4873
vn -0.7930 -0.4188 0.4424
vn -0.7988 -0.4076 -0.4425
vn 0.1102 0.4008 0.9095
vn -0.0743 0.3211 0.9441
vn 0.2474 0.1295 0.9602
vn -0.0008 0.0809 0.9967
vn 0.3473 -0.0750 0.9348
vn 0.0670 -0.1176 0.9908
vn -0.0741 0.3211 -0.9441
vn 0.1107 0.4000 -0.9098
vn -0.0012 0.0811 -0.9967
vn 0.2480 0.1284 -0.9602
vn 0.0665 -0.1154 -0.9911
vn 0.3438 -0.0714 -0.9363
vn 0.3418 -0.9367 0.0755
vn 0.5126 -0.8559 0.0678
vn 0.7448 -0.6287 -0.2237
vn 0.7423 -0.6278 0.2341
vn 0.4725 0.8572 -0.2048
vn 0.4725 0.8572 0.2049
vn -0.0685 0.9895 0.1273
vn -0.0685 0.9895 -0.1272
vn -0.9840 0.1773 0.0196
vn -0.9846 0.1747 -0.0110
vn -0.8534 0.5138 -0.0883
vn -0.8500 0.5177 0.0980
vn 0.0483 0.4165 0.9079
vn 0.4063 -0.2282 0.8848
vn -0.0500 0.2697 0.9616
vn 0.1078 -0.2320 0.9667
vn 0.7140 0.6441 -0.2746
vn 0.9936 -0.0992 -0.0546
vn 0.7062 0.6542 0.2708
vn 0.9939 -0.1000 0.0455
vn -0.0552 0.2821 -0.9578
vn 0.1079 -0.2316 -0.9668
vn 0.0351 0.4361 -0.8992
vn 0.4054 -0.2258 -0.8858
vn -0.7308 0.4107 0.5453
vn -0.8144 -0.3284 0.4784
vn -0.7308 0.4107 -0.5452
vn -0.8144 -0.3284 -0.4784
vn 0.2766 0.1191 0.9536
vn 0.2251 0.2345 0.9457
vn 0.0168 0.0821 0.9965
vn -0.0066 0.1736 0.9848
vn 0.9527 0.2323 -0.1958
vn 0.8428 0.4492 -0.2965
vn 0.9561 0.2279 0.1842
vn 0.8485 0.4438 0.2882
vn 0.0167 0.0819 -0.9965
vn -0.0065 0.1733 -0.9848
vn 0.2765 0.1189 -0.9536
vn 0.2251 0.2344 -0.9457
vn -0.8495 0.0195 0.5273
vn -0.8359 0.1575 0.5258
vn -0.8495 0.0195 -0.5273
vn -0.8359 0.1575 -0.5258
vn -0.5281 0.8373 0.1413
vn -0.5281 0.8373 -0.1413
vn 0.2987 -0.9512 -0.0775
vn 0.2980 -0.9488 0.1045
vn 0.1543 0.9743 -0.1642
vn 0.1535 0.9746 0.1629
vn 0.5972 -0.7969 0.0909
vn 0.6040 -0.7923 -0.0867
vn -0.6586 0.7469 0.0917
vn -0.6627 0.7447 -0.0796
vn 0.1776 0.9840 -0.0144
vn 0.1776 0.9840 0.0144
vn -0.5851 -0.8051 0.0979
vn -0.5907 -0.8023 -0.0853
vn 0.9227 -0.3827 -0.0464
vn 0.9252 -0.3773 0.0409
vn -0.1977 0.9774 -0.0747
vn -0.2002 0.9768 0.0755
vn -0.8178 0.5510 0.1663
vn -0.8178 0.5510 -0.1663
vn -0.8713 0.4661 -0.1538
vn -0.8713 0.4661 0.1538
vn -0.6593 0.7392 0.1372
vn -0.6593 0.7392 -0.1372
vn 0.7421 0.6566 0.1348
vn 0.7415 0.6531 -0.1537
vn 0.4278 0.8884 -0.1667
vn 0.4265 0.8904 0.1592
vn 0.3942 0.9161 -0.0731
vn 0.3903 0.9185 0.0641
vn 0.8460 0.5322 0.0316
vn 0.8498 0.5250 -0.0464
vn 0.9999 0.0061 -0.0082
vn 1.0000 0.0076 -0.0059
vn -0.0640 0.9821 0.1770
vn -0.0640 0.9821 -0.1770
vn -0.2438 0.9523 -0.1833
vn -0.2438 0.9523 0.1833
vn -0.0332 -0.9994 -0.0014
vn -0.0393 -0.9989 0.0251
vn -0.9842 -0.0033 0.1770
vn -0.9842 -0.0033 -0.1769
vn -0.9443 -0.2883 -0.1589
vn -0.9437 -0.2896 0.1598
vn -0.8618 -0.4885 -0.1365
vn -0.8592 -0.4919 0.1408
vn 0.6614 -0.7447 0.0899
vn 0.6687 -0.7388 -0.0838
vn 0.4392 0.8973 -0.0446
vn 0.4392 0.8973 0.0446
vn -0.2085 0.9752 -0.0742
vn -0.2085 0.9752 0.0742
vn -0.9798 0.1998 -0.0099
vn -0.9795 0.1994 0.0290
vn -0.8526 0.5206 0.0445
vn -0.8514 0.5235 -0.0312
vn 0.7628 0.6425 -0.0722
vn 0.7657 0.6411 0.0513
vn 0.9930 -0.1181 0.0048
vn 0.9927 -0.1180 -0.0268
vn -0.9490 0.2389 0.2058
vn -0.9490 0.2390 -0.2059
vn -0.9385 -0.3075 0.1573
vn -0.9385 -0.3075 -0.1573
vn 0.9805 0.1934 0.0340
vn 0.9795 0.1934 -0.0570
vn 0.8919 0.4394 -0.1071
vn 0.8941 0.4398 0.0851
vn -0.9821 0.0217 -0.1873
vn -0.9821 0.0217 0.1873
vn -0.9669 0.1735 0.1872
vn -0.9669 0.1735 -0.1872
vn 0.0494 0.8465 -0.5300
vn 0.4923 -0.7637 0.4177
vn 0.0495 0.8467 0.5297
vn 0.4846 -0.7638 -0.4264
vn -0.6410 0.7656 -0.0536
vn -0.6448 0.7617 0.0645
vn 0.7669 -0.4123 -0.4918
vn 0.7718 -0.4298 0.4687
vn -0.2578 0.7709 0.5825
vn -0.2575 0.7707 -0.5829
vn 0.1564 0.6849 -0.7117
vn 0.2968 0.4453 -0.8447
vn 0.2969 0.4454 0.8447
vn 0.1567 0.6849 0.7116
vn 0.0439 0.9286 0.3684
vn 0.0433 0.9287 -0.3683
vn -0.6965 0.7159 -0.0482
vn -0.7587 0.4708 -0.4502
vn -0.7588 0.4688 0.4522
vn -0.6967 0.7157 0.0480
vn 0.6872 -0.7241 0.0587
vn 0.6184 -0.0247 0.7855
vn 0.4652 0.1946 0.8635
vn 0.1966 0.4982 0.8445
vn 0.1970 0.4979 -0.8445
vn 0.4644 0.1950 -0.8639
vn 0.6100 -0.0158 -0.7922
vn 0.6747 -0.7318 -0.0964
vn 0.1622 0.3556 0.9205
vn 0.7146 -0.2482 0.6540
vn 0.7148 -0.2487 -0.6536
vn 0.1516 0.3619 -0.9198
vn 0.5159 0.1495 0.8435
vn 0.4098 0.2876 0.8657
vn 0.4098 0.2875 -0.8657
vn 0.5159 0.1492 -0.8435
vn 0.0479 0.9846 -0.1684
vn 0.0480 0.9845 0.1687
vn -0.2836 0.7716 -0.5694
vn 0.2542 -0.9112 0.3240
vn -0.2836 0.7716 0.5694
vn 0.2513 -0.8989 -0.3591
vn -0.1214 0.9796 -0.1603
vn -0.1145 0.9754 0.1885
vn -0.0237 -0.6318 -0.7747
vn -0.0238 -0.6562 0.7542
vn -0.1947 0.6736 0.7130
vn -0.1946 0.6745 -0.7122
vn -0.2232 0.3057 -0.9256
vn -0.2721 0.5684 -0.7764
vn -0.2232 0.3057 0.9256
vn -0.2721 0.5684 0.7764
vn -0.3450 0.8567 -0.3835
vn -0.3450 0.8567 0.3835
vn 0.0085 0.7030 -0.7111
vn -0.1030 0.9929 -0.0600
vn 0.0082 0.7030 0.7111
vn -0.1029 0.9929 0.0603
vn 0.1644 -0.9756 -0.1453
vn -0.1883 0.2808 0.9411
vn -0.1653 0.0334 0.9857
vn -0.1347 -0.1750 0.9753
vn -0.1883 0.2820 -0.9408
vn -0.1653 0.0350 -0.9856
vn -0.1335 -0.1682 -0.9767
vn 0.1683 -0.9820 0.0860
vn -0.1803 0.2487 0.9516
vn -0.1073 -0.2583 0.9601
vn -0.1851 0.2816 -0.9415
vn -0.1069 -0.2607 -0.9595
vn -0.1571 0.0526 0.9862
vn -0.1767 0.1516 0.9725
vn -0.1569 0.0524 -0.9862
vn -0.1766 0.1515 -0.9726
vn -0.3954 0.9021 -0.1728
vn -0.3954 0.9021 0.1728
vn 0.5405 -0.7544 0.3724
vn 0.3805 -0.8295 0.4088
vn 0.3475 -0.8621 0.3688
vn 0.3009 -0.9064 0.2963
vn 0.5941 -0.7928 0.1361
vn 0.4477 -0.8794 0.1618
vn 0.3961 -0.9047 0.1570
vn 0.3426 -0.9289 0.1404
vn 0.5922 -0.7954 -0.1290
vn 0.4477 -0.8814 -0.1508
vn 0.3945 -0.9074 -0.1446
vn 0.3401 -0.9325 -0.1213
vn 0.5423 -0.7593 -0.3597
vn 0.3827 -0.8342 -0.3970
vn 0.3458 -0.8671 -0.3585
vn 0.2963 -0.9123 -0.2826
vn -0.8805 0.4740 -0.0000
vn -0.6665 0.7455 -0.0000
vn -0.5350 0.8449 -0.0000
vn 0.7536 0.6573 -0.0021
vn 0.4339 0.9010 -0.0009
vn 0.1565 0.9877 -0.0001
vn 0.3943 0.9190 -0.0008
vn 0.8449 0.5349 -0.0016
vn 1.0000 0.0008 -0.0013
vn -0.1946 0.9809 0.0004
vn 0.9182 -0.3962 0.0009
vn -0.0643 0.9979 -0.0000
vn -0.2507 0.9681 -0.0000
vn -0.0075 -0.9999 0.0116
vn 0.3042 -0.9525 0.0133
vn -0.5810 -0.8139 0.0060
vn -0.9999 -0.0159 -0.0000
vn -0.9538 -0.3005 0.0003
vn -0.8650 -0.5017 0.0019
vn -0.8377 0.5462 -0.0000
vn 0.6600 -0.7513 0.0022
vn 0.6042 -0.7968 0.0004
vn 0.4371 0.8994 -0.0000
vn -0.2181 0.9759 -0.0000
vn -0.9778 0.2094 0.0021
vn -0.8568 0.5156 0.0019
vn 0.7470 0.6648 -0.0017
vn 0.9916 -0.1294 -0.0022
vn -0.6469 0.7626 0.0014
vn -0.9690 0.2471 -0.0000
vn -0.9509 -0.3096 -0.0000
vn 0.1460 0.9893 -0.0000
vn 0.9847 0.1741 -0.0023
vn 0.9037 0.4282 -0.0024
vn -0.9998 0.0179 -0.0000
vn -0.9827 0.1854 -0.0000
vn 0.0493 0.9988 -0.0000
vn -0.4082 0.9129 -0.0000
vn 0.5980 -0.8015 0.0030
vn 0.4574 -0.8892 0.0049
vn 0.4026 -0.9154 0.0058
vn 0.3482 -0.9374 0.0092
vn -0.8269 -0.5497 0.1186
vn -0.4747 0.6450 0.5988
vn -0.4517 -0.5810 -0.6771
vn -0.3732 0.5502 0.7470
vn 0.3357 -0.7319 0.5929
vn -0.4489 0.3863 0.8057
vn 0.4615 -0.6156 -0.6388
vn 0.2955 0.6663 0.6846
vn 0.4863 -0.6728 -0.5575
vn 0.2113 0.7223 0.6585
vn 0.2299 -0.5648 0.7925
vn -0.5056 0.5157 0.6917
vn -0.3810 0.6447 0.6627
vn -0.2322 -0.7372 -0.6346
vn 0.6386 -0.3742 0.6725
vn 0.7042 0.5466 0.4531
vn -0.4069 0.9134 -0.0129
vn -0.8423 0.5389 -0.0027
vn 0.7356 -0.6774 0.0005
vn 0.7359 0.6770 0.0063
vn 0.0964 0.5860 0.8046
vn -0.4606 0.6829 0.5670
vn -0.5977 -0.7853 -0.1615
vn 0.3910 -0.8808 0.2669
vn 0.0624 -0.3558 -0.9325
vn 0.1457 0.3398 0.9291
vn -0.0616 -0.4254 -0.9029
vn -0.1385 0.4460 0.8843
vn 0.0425 -0.5208 -0.8526
vn 0.3001 0.4409 0.8459
vn -0.1341 -0.5424 -0.8294
vn -0.1029 0.5988 0.7943
vn 0.1765 -0.9834 -0.0416
vn 0.2306 0.4532 0.8610
vn -0.1960 -0.8328 -0.5176
vn -0.1736 0.5868 0.7909
vn -0.9741 -0.1719 0.1466
vn -0.8823 -0.2454 -0.4016
vn 0.8509 -0.0593 -0.5220
vn 0.2621 -0.0287 0.9646
vn -0.3839 -0.1519 0.9108
vn 0.6323 0.2043 0.7474
vn 0.9602 -0.1895 -0.2050
vn -0.8967 -0.3652 -0.2503
vn 0.4408 -0.3051 0.8442
vn -0.9351 -0.1681 0.3120
vn 0.8738 -0.2427 -0.4214
vn -0.8946 0.0922 -0.4373
vn 0.9076 -0.2962 -0.2974
vn -0.9433 0.0965 -0.3177
vn 0.3404 -0.1239 0.9321
vn -0.6425 0.1830 0.7441
vn 0.6652 0.4128 0.6222
vn 0.8456 -0.1011 0.5242
vn 0.9827 -0.1852 0.0005
vn 0.9039 0.4275 0.0099
vn -0.0454 0.7327 0.6791
vn 0.1424 -0.6821 0.7172
vn 0.0053 -0.1415 0.9899
vn 0.1497 -0.9887 0.0008
vn -0.0845 0.6508 0.7545
vn -0.1855 0.5767 0.7956
vn -0.0717 -0.8296 -0.5537
vn -0.3029 -0.9117 0.2776
vn -0.3318 0.7198 0.6097
vn -0.1623 0.7059 0.6895
vn 0.0676 -0.7745 -0.6290
vn -0.3885 0.9215 -0.0002
vn -0.3730 -0.9278 0.0034
vn 0.0595 -0.5465 0.8353
vn -0.4013 0.7369 0.5441
vn 0.1500 0.6608 0.7354
vn -0.3765 -0.7396 -0.5579
vn 0.5135 -0.8341 -0.2014
vn -0.9857 -0.1232 -0.1150
vn 0.8539 -0.3218 0.4090
vn 0.0728 -0.8265 -0.5583
vn -0.1018 0.7749 0.6238
vn -0.0658 0.6705 0.7390
vn 0.3548 0.4453 0.8221
vn 0.0510 -0.8561 -0.5144
vn -0.1552 -0.6780 -0.7185
vn -0.9344 0.3513 0.0584
vn 0.7007 -0.2676 0.6613
vn -0.8609 -0.5067 -0.0464
vn -0.7830 0.5779 0.2302
vn -0.5461 0.7778 0.3111
vn 0.7455 0.6263 0.2280
vn -0.4345 0.8669 0.2443
vn 0.1024 -0.9545 0.2802
vn 0.6822 -0.6715 0.2891
vn 0.7124 -0.6512 0.2614
vn 0.6774 0.5904 0.4388
vn 0.9552 -0.1721 0.2409
vn 0.8289 0.4414 0.3436
vn 0.2065 -0.9400 0.2714
vn 0.0821 0.9553 0.2841
vn -0.3784 0.9170 0.1264
vn -0.3604 -0.9213 0.1463
vn 0.2087 0.7397 0.6398
vn 0.3216 -0.6208 0.7149
vn 0.3094 -0.0836 0.9473
vn 0.2662 -0.9141 0.3059
vn 0.2971 0.9290 0.2204
vn -0.2674 0.6722 0.6904
vn 0.0996 -0.6654 0.7398
vn 0.5496 -0.8354 0.0006
vn -0.1864 0.9825 -0.0000
vn -0.2783 -0.1698 0.9454
vn -0.1874 0.9277 0.3229
vn 0.4809 -0.8316 0.2778
vn 0.0143 0.3934 0.9193
vn 0.0082 -0.3764 -0.9264
vn 0.0740 0.5017 0.8618
vn -0.0548 -0.5173 -0.8541
vn 0.0782 0.5236 0.8484
vn 0.0230 -0.8928 -0.4499
vn 0.0021 -0.1337 0.9910
vn -0.0791 -0.7196 -0.6899
vn 0.1389 0.6208 0.7715
vn -0.6618 0.3198 0.6780
vn 0.3462 -0.4920 0.7988
vn 0.6592 -0.7519 0.0071
vn -0.2820 -0.1066 0.9535
vn 0.6406 -0.7041 0.3063
vn -0.8290 0.4811 0.2851
vn -0.8285 -0.5467 -0.1213
vn -0.4810 0.6504 -0.5879
vn -0.4531 -0.5799 0.6770
vn -0.3810 0.5518 -0.7418
vn 0.3424 -0.7323 -0.5886
vn -0.4191 0.3471 -0.8390
vn 0.4448 -0.6625 0.6027
vn 0.3790 0.6864 -0.6207
vn 0.4841 -0.6913 0.5364
vn 0.2449 0.7401 -0.6263
vn 0.2157 -0.5637 -0.7973
vn -0.5081 0.5162 -0.6895
vn -0.3956 0.6400 -0.6587
vn -0.2325 -0.7368 0.6349
vn 0.6369 -0.3539 -0.6849
vn 0.6975 0.5540 -0.4544
vn -0.8724 -0.4887 -0.0007
vn 0.0758 -0.9971 0.0109
vn 0.7275 -0.6861 0.0027
vn -0.5583 0.8297 -0.0001
vn 0.0965 0.5857 -0.8048
vn -0.4608 0.6827 -0.5670
vn -0.5977 -0.7853 0.1615
vn 0.3910 -0.8808 -0.2669
vn 0.1593 -0.3551 0.9212
vn 0.1457 0.3398 -0.9291
vn -0.1588 -0.3892 0.9073
vn -0.1385 0.4460 -0.8843
vn 0.1763 -0.5366 0.8252
vn 0.3001 0.4409 -0.8459
vn -0.2271 -0.5193 0.8239
vn -0.1029 0.5988 -0.7943
vn 0.2186 -0.9438 -0.2479
vn 0.2306 0.4532 -0.8610
vn -0.5629 -0.8147 0.1391
vn -0.1736 0.5868 -0.7909
vn -0.9743 -0.1711 -0.1463
vn -0.8815 -0.2461 0.4030
vn 0.8764 -0.0525 0.4788
vn 0.1502 -0.0291 -0.9882
vn -0.3971 -0.1532 -0.9049
vn 0.6438 0.2254 -0.7312
vn 0.9636 -0.1905 0.1877
vn -0.8963 -0.3655 0.2510
vn 0.7152 0.6983 0.0282
vn 0.4408 -0.3051 -0.8442
vn -0.9351 -0.1681 -0.3120
vn 0.6312 -0.2845 0.7215
vn -0.6832 -0.0562 0.7281
vn 0.7834 -0.4058 0.4708
vn -0.9056 -0.0436 0.4218
vn 0.3438 -0.2898 -0.8932
vn -0.8502 -0.2346 -0.4714
vn 0.6999 0.3897 -0.5985
vn 0.8397 -0.0883 -0.5358
vn -0.0426 0.7318 -0.6802
vn 0.1527 -0.6788 -0.7183
vn 0.2280 -0.9737 -0.0000
vn 0.1269 0.9919 -0.0000
vn 0.0156 -0.1420 -0.9897
vn 0.1497 -0.9887 -0.0008
vn -0.0846 0.6505 -0.7548
vn -0.1318 0.6017 -0.7878
vn -0.1163 -0.8363 0.5358
vn -0.3121 -0.9096 -0.2744
vn -0.3136 0.7138 -0.6262
vn -0.1460 0.7129 -0.6859
vn 0.0572 -0.7806 0.6225
vn 0.0595 -0.5465 -0.8353
vn -0.4081 0.7322 -0.5454
vn 0.1544 0.6576 -0.7374
vn -0.3765 -0.7396 0.5579
vn 0.5133 -0.8344 0.2006
vn -0.9857 -0.1233 0.1151
vn 0.8536 -0.3213 -0.4099
vn 0.0727 -0.8265 0.5582
vn -0.1025 0.7696 -0.6302
vn -0.0658 0.6705 -0.7390
vn 0.3548 0.4453 -0.8221
vn 0.2735 -0.9243 0.2661
vn -0.3112 -0.6096 0.7291
vn -0.9553 0.0412 0.2929
vn 0.7007 -0.5780 -0.4183
vn -0.8615 -0.5057 0.0454
vn -0.7832 0.5707 -0.2466
vn -0.5464 0.7785 -0.3089
vn 0.7332 0.6420 -0.2243
vn -0.4388 0.8630 -0.2506
vn 0.1010 -0.9595 -0.2630
vn 0.6877 -0.6674 -0.2858
vn 0.7110 -0.6466 -0.2763
vn 0.6926 0.6095 -0.3857
vn 0.9553 -0.1684 -0.2431
vn 0.8470 0.4293 -0.3135
vn 0.2077 -0.9396 -0.2719
vn 0.0826 0.9559 -0.2819
vn -0.3850 0.9144 -0.1247
vn -0.3651 -0.9198 -0.1437
vn 0.2120 0.7353 -0.6437
vn 0.3444 -0.6029 -0.7196
vn 0.2708 -0.9626 -0.0003
vn 0.3222 0.9467 0.0002
vn 0.3382 -0.0687 -0.9386
vn 0.2692 -0.9110 -0.3123
vn 0.2959 0.9300 -0.2180
vn -0.2678 0.6736 -0.6889
vn 0.1016 -0.6653 -0.7397
vn -0.2765 -0.1710 -0.9457
vn -0.1874 0.9285 -0.3207
vn 0.4829 -0.8306 -0.2773
vn -0.9853 -0.1640 0.0485
vn -0.9873 -0.1589 -0.0018
vn -0.9852 -0.1642 -0.0492
vn 0.0143 0.3934 -0.9193
vn 0.0082 -0.3764 0.9264
vn 0.0740 0.5017 -0.8618
vn -0.0548 -0.5173 0.8541
vn 0.0782 0.5236 -0.8484
vn 0.0695 -0.9922 0.1035
vn -0.0161 -0.5719 -0.8202
vn -0.0791 -0.7196 0.6899
vn 0.1389 0.6208 -0.7715
vn -0.6679 0.3077 -0.6777
vn 0.3125 -0.4859 -0.8163
vn -0.8596 0.5109 -0.0008
vn -0.3519 -0.1162 -0.9288
vn 0.6520 -0.6983 -0.2955
vn -0.8299 0.4790 -0.2862
vn 0.3437 0.4687 -0.8138
vn 0.2589 -0.7921 0.5527
vn -0.3250 -0.7316 0.5993
vn -0.0559 0.6614 -0.7480
vn -0.9775 -0.1863 -0.0991
vn 0.8206 -0.5650 -0.0866
vn 0.1242 0.6099 -0.7827
vn -0.0810 -0.7281 0.6806
vn 0.3437 0.4687 0.8138
vn 0.0609 -0.7430 -0.6665
vn -0.1619 -0.7522 -0.6387
vn -0.0559 0.6614 0.7480
vn -0.8812 0.1823 0.4362
vn 0.8648 -0.2971 0.4049
vn 0.1242 0.6099 0.7826
vn -0.0810 -0.7281 -0.6806
vn -0.8736 0.2789 0.3989
vn -0.2330 0.6677 0.7070
vn -0.8925 0.2974 0.3390
vn -0.2174 -0.7431 -0.6328
vn -0.2755 0.7278 0.6280
vn -0.7391 -0.6402 -0.2094
vn -0.3709 0.5953 0.7127
vn 0.4711 -0.8506 -0.2334
vn 0.2711 0.7348 0.6218
vn 0.4605 -0.6106 -0.6442
vn 0.4519 0.6985 0.5548
vn -0.2908 -0.6442 -0.7075
vn 0.4915 -0.5158 0.7017
vn -0.2327 0.6956 0.6797
vn -0.8453 0.3507 0.4031
vn -0.6908 0.5275 0.4945
vn -0.4344 0.7310 0.5262
vn 0.1693 0.6735 0.7196
vn -0.4698 -0.6944 -0.5450
vn 0.5127 -0.7723 -0.3751
vn 0.0917 -0.4003 -0.9118
vn -0.0311 -0.4259 -0.9042
vn 0.8206 0.0938 0.5637
vn -0.6288 0.4836 0.6089
vn 0.1025 0.3384 0.9354
vn 0.9515 0.1075 0.2882
vn -0.7692 0.5707 0.2875
vn 0.0414 -0.4299 -0.9019
vn -0.1037 -0.4713 -0.8758
vn -0.1560 0.5834 0.7970
vn 0.2480 0.4150 0.8754
vn 0.2961 0.1381 0.9451
vn -0.4689 0.4156 0.7793
vn -0.1245 0.6684 0.7333
vn 0.3287 0.4600 0.8248
vn 0.0715 -0.6619 -0.7461
vn -0.1638 -0.6759 -0.7186
vn 0.4719 -0.3115 -0.8248
vn -0.4247 -0.2586 -0.8676
vn 0.5933 -0.4964 -0.6337
vn -0.5375 -0.3903 -0.7475
vn 0.3195 -0.5892 0.7421
vn -0.7748 -0.5722 0.2688
vn -0.9078 0.4028 0.1172
vn 0.5575 -0.1910 0.8079
vn 0.8023 -0.2444 -0.5446
vn -0.7706 0.0472 -0.6355
vn 0.8756 -0.0935 -0.4739
vn 0.5022 0.0112 0.8647
vn 0.9861 -0.0808 0.1455
vn -0.9791 -0.2029 0.0169
vn -0.4331 -0.5268 0.7314
vn -0.8626 -0.3039 -0.4045
vn -0.9863 0.0233 -0.1636
vn 0.7578 -0.2904 0.5843
vn 0.5412 0.3764 0.7519
vn 0.7345 -0.2486 0.6314
vn 0.8624 -0.5063 0.0009
vn -0.0438 0.2943 0.9547
vn -0.1031 -0.9919 -0.0748
vn -0.2310 0.5724 0.7868
vn -0.5538 -0.8107 0.1897
vn 0.0619 -0.7561 -0.6515
vn -0.1346 0.9909 -0.0058
vn 0.0857 -0.8816 -0.4642
vn -0.0929 0.7490 0.6561
vn 0.0197 -0.7976 -0.6028
vn -0.1723 0.6396 0.7491
vn -0.2545 -0.9633 -0.0856
vn -0.1978 0.5156 0.8337
vn -0.3904 0.7054 0.5915
vn 0.1364 0.6402 0.7560
vn -0.2923 -0.7811 -0.5517
vn 0.5027 -0.8644 -0.0080
vn -0.9473 -0.3073 -0.0909
vn 0.9405 -0.3064 0.1469
vn 0.0738 -0.7773 -0.6247
vn -0.1333 0.7544 0.6427
vn 0.0280 -0.8203 -0.5712
vn -0.7608 0.5107 0.4004
vn -0.1927 0.7867 0.5865
vn -0.0452 0.6718 0.7394
vn 0.2994 0.4636 0.8339
vn 0.1284 -0.9434 -0.3058
vn -0.1697 -0.6552 -0.7361
vn -0.9167 0.2733 0.2914
vn 0.8060 -0.3030 0.5085
vn 0.5770 -0.8024 0.1522
vn -0.5287 0.6424 0.5548
vn -0.7481 -0.2978 -0.5930
vn 0.1309 0.3747 0.9179
vn -0.0777 0.3622 0.9289
vn -0.5886 0.2789 0.7587
vn -0.6214 -0.7824 0.0423
vn 0.8433 -0.4868 0.2276
vn 0.5100 0.7481 0.4246
vn 0.5166 -0.8032 0.2965
vn 0.5146 0.8317 0.2085
vn -0.1687 0.9611 0.2185
vn 0.2650 0.3187 0.9101
vn -0.3148 0.2368 0.9191
vn 0.9199 0.3863 -0.0676
vn -0.0349 0.1450 0.9888
vn -0.4342 0.1498 0.8883
vn 0.7533 0.3618 0.5493
vn 0.8603 0.4304 0.2733
vn 0.8273 0.5618 0.0046
vn 0.2952 0.2472 0.9229
vn -0.0352 0.3046 0.9518
vn 0.6125 0.2819 0.7385
vn 0.6178 0.0519 0.7846
vn 0.8241 0.4903 0.2838
vn -0.0238 0.4079 0.9127
vn -0.3705 0.4953 0.7858
vn -0.0902 0.3620 0.9278
vn -0.0346 -0.3882 -0.9209
vn 0.0885 -0.3403 -0.9362
vn 0.9214 -0.3061 -0.2393
vn -0.8337 0.2298 0.5022
vn -0.9595 0.2817 -0.0036
vn 0.4581 -0.8888 0.0109
vn 0.0048 0.3595 0.9331
vn 0.0550 -0.3607 -0.9311
vn 0.0099 0.3877 0.9217
vn 0.1433 0.6146 0.7757
vn -0.0923 -0.7323 -0.6747
vn -0.0129 -0.8663 0.4994
vn -0.0402 -0.7400 -0.6714
vn 0.0362 0.2017 0.9788
vn 0.0378 0.4613 0.8864
vn 0.1008 0.6287 0.7711
vn -0.0276 -0.4510 -0.8921
vn 0.0592 -0.3943 -0.9171
vn -0.7222 0.2410 0.6484
vn 0.3237 -0.5148 0.7938
vn -0.0992 -0.0640 0.9930
vn 0.4623 -0.8297 0.3129
vn -0.9282 0.2911 0.2318
vn -0.4489 0.0736 0.8906
vn -0.8758 0.2816 -0.3921
vn -0.2331 0.6675 -0.7072
vn -0.8960 0.2940 -0.3326
vn -0.2285 -0.7421 0.6301
vn -0.2763 0.7323 -0.6224
vn -0.7407 -0.6390 0.2074
vn -0.3847 0.5923 -0.7080
vn 0.4340 -0.8663 0.2474
vn 0.3295 0.7583 -0.5625
vn 0.4551 -0.6450 0.6139
vn 0.4492 0.6975 -0.5583
vn -0.2917 -0.6433 0.7079
vn 0.5094 -0.4884 -0.7085
vn -0.2420 0.6932 -0.6789
vn -0.8504 0.3450 -0.3973
vn 0.8724 -0.3597 0.3311
vn -0.6908 0.5275 -0.4945
vn -0.4356 0.7303 -0.5262
vn 0.1834 0.6789 -0.7110
vn -0.4698 -0.6944 0.5450
vn 0.5109 -0.7766 0.3687
vn 0.2168 -0.4272 0.8778
vn -0.3518 -0.4251 0.8340
vn 0.8206 0.0938 -0.5637
vn -0.6288 0.4836 -0.6089
vn 0.1025 0.3384 -0.9354
vn 0.9515 0.1075 -0.2882
vn -0.7692 0.5707 -0.2875
vn 0.1434 -0.4266 0.8930
vn -0.1832 -0.4355 0.8814
vn -0.1560 0.5834 -0.7970
vn 0.2480 0.4150 -0.8754
vn 0.2961 0.1381 -0.9451
vn -0.4689 0.4156 -0.7793
vn -0.1245 0.6684 -0.7333
vn 0.3287 0.4600 -0.8248
vn 0.2598 -0.7042 0.6607
vn -0.3149 -0.6660 0.6762
vn -0.9720 0.0898 0.2172
vn 0.5871 -0.4516 -0.6718
vn 0.6564 -0.3168 0.6846
vn -0.6876 -0.0647 0.7232
vn 0.8919 -0.0924 0.4426
vn 0.5277 0.0335 -0.8487
vn 0.9695 -0.0458 -0.2408
vn -0.9791 -0.2029 -0.0164
vn -0.4331 -0.5268 -0.7314
vn -0.8619 -0.3043 0.4057
vn -0.9863 0.0233 0.1636
vn 0.7578 -0.2904 -0.5843
vn 0.5609 0.3915 -0.7295
vn 0.7232 -0.2404 -0.6475
vn -0.0346 0.2954 -0.9548
vn -0.1031 -0.9919 0.0748
vn -0.2212 0.5812 -0.7831
vn -0.5572 -0.8078 -0.1923
vn 0.0590 -0.7567 0.6511
vn 0.0857 -0.8816 0.4642
vn -0.0933 0.7469 -0.6583
vn -0.0091 -0.8066 0.5910
vn -0.1378 0.6615 -0.7372
vn -0.2802 -0.9567 0.0795
vn -0.1408 0.5184 -0.8435
vn -0.4023 0.6972 -0.5934
vn 0.1373 0.6385 -0.7573
vn -0.2924 -0.7810 0.5518
vn 0.5027 -0.8644 0.0080
vn -0.9471 -0.3076 0.0913
vn 0.9396 -0.3053 -0.1548
vn 0.0730 -0.7785 0.6234
vn -0.1294 0.7513 -0.6472
vn 0.0280 -0.8203 0.5712
vn -0.7627 0.5085 -0.3996
vn -0.1978 0.7818 -0.5914
vn -0.0452 0.6718 -0.7394
vn 0.2994 0.4636 -0.8339
vn 0.2950 -0.9551 0.0285
vn -0.3946 -0.5607 0.7280
vn -0.9944 -0.0796 0.0695
vn 0.7768 -0.5912 -0.2170
vn -0.5287 0.6424 -0.5548
vn 0.1309 0.3747 -0.9179
vn -0.0777 0.3622 -0.9289
vn -0.6897 0.2333 -0.6855
vn -0.6238 -0.7804 -0.0419
vn 0.8415 -0.4843 -0.2394
vn 0.5624 0.7428 -0.3632
vn 0.5178 -0.7981 -0.3081
vn 0.5064 0.8374 -0.2058
vn -0.1771 0.9591 -0.2207
vn 0.2825 0.3196 -0.9045
vn -0.3141 0.2369 -0.9194
vn 0.9193 0.3865 0.0742
vn -0.0575 0.0958 -0.9937
vn -0.4391 0.1479 -0.8862
vn 0.7477 0.3705 -0.5512
vn 0.8584 0.4387 -0.2659
vn 0.2952 0.2472 -0.9229
vn -0.0352 0.3046 -0.9518
vn 0.6138 0.2815 -0.7376
vn 0.6178 0.0519 -0.7846
vn 0.8197 0.5053 -0.2698
vn 0.0606 0.3876 -0.9198
vn -0.3741 0.4967 -0.7832
vn -0.0902 0.3620 -0.9278
vn -0.2006 -0.3563 0.9126
vn 0.1876 -0.3521 0.9170
vn 0.7608 -0.3775 0.5278
vn -0.9994 0.0333 0.0048
vn 0.9297 -0.3116 -0.1965
vn 0.6119 0.7903 0.0325
vn -0.6526 -0.7577 0.0002
vn 0.5191 0.8547 0.0022
vn 0.5435 -0.8394 -0.0001
vn -0.9085 0.3996 -0.1227
vn -0.9017 0.4322 -0.0115
vn -0.9066 0.4043 0.1209
vn 0.0048 0.3595 -0.9331
vn 0.0550 -0.3607 0.9311
vn 0.0099 0.3877 -0.9217
vn 0.1433 0.6146 -0.7757
vn -0.0923 -0.7323 0.6747
vn -0.0402 -0.7400 0.6714
vn 0.0362 0.2017 -0.9788
vn 0.0378 0.4613 -0.8864
vn 0.1008 0.6287 -0.7711
vn -0.0276 -0.4510 0.8921
vn 0.0592 -0.3943 0.9171
vn -0.7234 0.2138 -0.6565
vn 0.3086 -0.5079 -0.8042
vn -0.2244 -0.0816 -0.9711
vn 0.4741 -0.8300 -0.2939
vn -0.9279 0.2838 -0.2419
vn -0.4677 0.0589 -0.8819
vn 0.3652 0.4531 -0.8133
vn 0.2585 -0.8525 0.4544
vn -0.3084 -0.6913 0.6535
vn -0.0804 0.6252 -0.7763
vn -0.9854 -0.1522 0.0767
vn 0.8425 -0.5149 0.1585
vn 0.1009 0.5671 -0.8175
vn -0.0677 -0.6406 0.7649
vn -0.4175 0.5310 -0.7374
vn 0.7323 0.0834 -0.6758
vn 0.3652 0.4531 0.8133
vn 0.0409 -0.7855 -0.6176
vn -0.1547 -0.7323 -0.6631
vn -0.0804 0.6252 0.7763
vn -0.9886 0.0957 0.1162
vn 0.9397 -0.3181 0.1254
vn 0.1009 0.5671 0.8175
vn -0.0677 -0.6406 -0.7649
vn -0.4175 0.5310 0.7374
vn 0.7323 0.0834 0.6758
vn -0.7942 -0.5294 -0.2982
vn 0.6702 -0.7247 -0.1604
vn 0.5334 0.2709 0.8013
vn -0.3629 0.3675 0.8563
vn 0.6608 0.3417 0.6683
vn -0.2396 0.5235 0.8176
vn 0.8918 0.4522 0.0149
vn -0.2294 0.6262 0.7451
vn -0.1911 0.7613 0.6196
vn -0.4107 -0.3061 -0.8589
vn 0.9590 0.1532 0.2386
vn 0.5015 0.0859 0.8609
vn -0.8747 -0.1881 -0.4467
vn 0.5237 -0.7342 0.4321
vn 0.4792 -0.3749 -0.7936
vn 0.0310 -0.8631 -0.5041
vn -0.0444 -0.7419 -0.6690
vn -0.4589 -0.8724 -0.1680
vn 0.0641 -0.7826 -0.6193
vn -0.2171 0.7621 0.6099
vn 0.7450 0.3280 0.5808
vn 0.6318 -0.7740 -0.0416
vn -0.7707 -0.4422 -0.4588
vn 0.7005 0.0534 0.7116
vn -0.9894 -0.1385 -0.0438
vn -0.2416 0.3478 0.9059
vn -0.4464 0.5901 0.6726
vn -0.7717 0.4257 0.4725
vn -0.7770 0.5532 0.3006
vn -0.8936 0.3259 0.3087
vn -0.7514 0.2665 0.6037
vn 0.5307 0.3345 0.7788
vn -0.7978 0.5835 0.1516
vn -0.6020 0.6443 0.4717
vn -0.3299 0.3585 0.8733
vn 0.5781 -0.3800 -0.7221
vn 0.8018 0.0294 0.5968
vn -0.7082 -0.2392 -0.6642
vn 0.4442 0.2737 -0.8531
vn -0.3496 0.0843 0.9331
vn 0.5334 0.2706 -0.8014
vn -0.3629 0.3675 -0.8563
vn 0.6326 0.3208 -0.7050
vn -0.2294 0.5262 -0.8188
vn 0.8901 0.4558 0.0021
vn -0.2315 0.6302 -0.7412
vn -0.1924 0.7600 -0.6208
vn 0.9590 0.1532 -0.2386
vn 0.5015 0.0859 -0.8609
vn 0.0310 -0.8631 0.5041
vn -0.0513 -0.7423 0.6681
vn -0.4643 -0.8703 0.1646
vn 0.0634 -0.7829 0.6189
vn -0.2266 0.7558 -0.6143
vn 0.7473 0.3327 -0.5752
vn 0.7005 0.0534 -0.7116
vn -0.2416 0.3478 -0.9059
vn -0.4464 0.5901 -0.6726
vn -0.7759 0.4191 -0.4716
vn -0.7772 0.5528 -0.3005
vn -0.8976 0.3209 -0.3023
vn -0.7561 0.2656 -0.5981
vn 0.5365 0.3363 -0.7740
vn -0.7978 0.5835 -0.1516
vn -0.6020 0.6443 -0.4717
vn 0.4442 0.2737 0.8531
vn -0.3299 0.3585 -0.8733
vn 0.8018 0.0294 -0.5968
vn 0.6339 -0.4317 -0.6418
vn -0.3733 0.0542 -0.9261
vn -0.5784 0.5158 -0.6320
vn 0.8470 0.0769 -0.5260
vn -0.5784 0.5158 0.6320
vn 0.8470 0.0769 0.5260
vn -0.7692 -0.4975 -0.4010
vn 0.6901 -0.6402 -0.3374
vn -0.7806 -0.5727 -0.2503
vn 0.4823 -0.7857 -0.3873
vn -0.0841 0.2432 -0.9663
vn -0.3918 0.4645 -0.7941
vn 0.5564 -0.0339 -0.8302
vn -0.9342 -0.1814 -0.3073
vn -0.2993 -0.8940 -0.3333
vn -0.1854 0.4571 -0.8699
vn -0.7446 0.2090 -0.6339
vn -0.5323 -0.7897 -0.3051
vn -0.2419 0.5069 -0.8274
vn 0.2497 0.1334 -0.9591
vn -0.7800 -0.5757 0.2453
vn 0.4772 -0.7736 0.4170
vn -0.1398 0.3026 0.9428
vn -0.3869 0.4614 0.7984
vn 0.6182 -0.0492 0.7845
vn -0.9339 -0.1820 0.3077
vn -0.2886 -0.8975 0.3334
vn -0.2288 0.4730 0.8508
vn -0.7403 0.2088 0.6390
vn -0.5313 -0.7927 0.2990
vn -0.2479 0.5033 0.8278
vn 0.3073 0.1885 0.9328
vt 0.363901 0.296093
vt 0.409828 0.307256
vt 0.393498 0.326375
vt 0.170683 0.294327
vt 0.215693 0.291147
vt 0.186310 0.319122
vt 0.345884 0.169526
vt 0.300556 0.180437
vt 0.330307 0.150092
vt 0.166911 0.352198
vt 0.214197 0.347436
vt 0.202778 0.385518
vt 0.234931 0.314010
vt 0.179870 0.176231
vt 0.151598 0.185606
vt 0.170841 0.162750
vt 0.171172 0.196480
vt 0.144480 0.203828
vt 0.243963 0.300532
vt 0.290458 0.327139
vt 0.259525 0.362496
vt 0.268142 0.324102
vt 0.061839 0.170986
vt 0.106598 0.182412
vt 0.095278 0.199413
vt 0.303047 0.128058
vt 0.304485 0.087717
vt 0.324809 0.102281
vt 0.255417 0.402822
vt 0.291548 0.365907
vt 0.294462 0.404668
vt 0.325583 0.362758
vt 0.331862 0.321574
vt 0.350002 0.355859
vt 0.195447 0.114265
vt 0.204058 0.152667
vt 0.288585 0.304671
vt 0.314115 0.326128
vt 0.334141 0.302782
vt 0.345016 0.317162
vt 0.280941 0.159629
vt 0.285954 0.120910
vt 0.150116 0.129322
vt 0.102839 0.124556
vt 0.138702 0.091244
vt 0.368503 0.389018
vt 0.367085 0.348723
vt 0.388815 0.374484
vt 0.309155 0.304254
vt 0.665508 0.413833
vt 0.667646 0.435495
vt 0.662271 0.412952
vt 0.352224 0.128108
vt 0.264560 0.214509
vt 0.242519 0.201044
vt 0.262441 0.197852
vt 0.341285 0.282523
vt 0.372965 0.279294
vt 0.270059 0.174017
vt 0.250719 0.437108
vt 0.184047 0.444714
vt 0.190779 0.418872
vt 0.141698 0.322304
vt 0.122228 0.157628
vt 0.077628 0.154438
vt 0.205575 0.173331
vt 0.267788 0.155213
vt 0.261524 0.114006
vt 0.245073 0.172536
vt 0.226379 0.149636
vt 0.250042 0.150655
vt 0.259644 0.173322
vt 0.227478 0.110855
vt 0.264852 0.276055
vt 0.269666 0.303441
vt 0.159364 0.277318
vt 0.208581 0.272919
vt 0.415709 0.348573
vt 0.186647 0.039631
vt 0.119973 0.032075
vt 0.184658 0.014259
vt 0.769202 0.085664
vt 0.771302 0.063861
vt 0.774507 0.064005
vt 0.663993 0.435830
vt 0.658740 0.412081
vt 0.766113 0.086546
vt 0.767674 0.063557
vt 0.230396 0.072083
vt 0.272739 0.076141
vt 0.656490 0.370572
vt 0.652345 0.368488
vt 0.775714 0.084833
vt 0.777335 0.064190
vt 0.780334 0.064685
vt 0.668744 0.414415
vt 0.670848 0.435280
vt 0.760933 0.129274
vt 0.772385 0.084997
vt 0.756775 0.131380
vt 0.752422 0.133622
vt 0.762818 0.087378
vt 0.747660 0.135882
vt 0.759497 0.087828
vt 0.672054 0.414504
vt 0.673639 0.435030
vt 0.625648 0.329751
vt 0.629299 0.363285
vt 0.616126 0.330194
vt 0.642787 0.363860
vt 0.655220 0.411567
vt 0.637880 0.362060
vt 0.647908 0.366266
vt 0.284771 0.275416
vt 0.306208 0.258241
vt 0.306616 0.275745
vt 0.235274 0.280279
vt 0.261768 0.258737
vt 0.653430 0.437313
vt 0.642791 0.417213
vt 0.649105 0.413373
vt 0.326231 0.278866
vt 0.323721 0.303473
vt 0.242102 0.218556
vt 0.220669 0.201365
vt 0.200749 0.200716
vt 0.594129 0.077246
vt 0.611075 0.029893
vt 0.611744 0.075967
vt 0.770143 0.372768
vt 0.759001 0.310389
vt 0.766262 0.307073
vt 0.746771 0.082327
vt 0.757003 0.062098
vt 0.753383 0.085975
vt 0.308982 0.197478
vt 0.277799 0.194094
vt 0.763953 0.377134
vt 0.751088 0.312647
vt 0.769139 0.164213
vt 0.756558 0.207279
vt 0.761350 0.161702
vt 0.664142 0.127043
vt 0.652995 0.189528
vt 0.657941 0.122669
vt 0.764560 0.259941
vt 0.764309 0.208132
vt 0.754824 0.161924
vt 0.650921 0.238616
vt 0.660241 0.192833
vt 0.658736 0.240095
vt 0.732938 0.425520
vt 0.717703 0.469620
vt 0.719142 0.423866
vt 0.660311 0.436201
vt 0.757687 0.427225
vt 0.753983 0.472068
vt 0.749698 0.427050
vt 0.644327 0.292541
vt 0.643234 0.237153
vt 0.328621 0.262293
vt 0.609891 0.126065
vt 0.621004 0.121590
vt 0.634272 0.073320
vt 0.626860 0.027984
vt 0.636864 0.027403
vt 0.608248 0.288393
vt 0.590617 0.241461
vt 0.603126 0.237515
vt 0.756741 0.261457
vt 0.749694 0.207694
vt 0.664305 0.335731
vt 0.651206 0.292884
vt 0.658853 0.292003
vt 0.224498 0.172109
vt 0.656552 0.338345
vt 0.650049 0.338198
vt 0.645052 0.187284
vt 0.595049 0.131568
vt 0.603220 0.191202
vt 0.590092 0.195314
vt 0.672620 0.076619
vt 0.613173 0.188113
vt 0.743655 0.313546
vt 0.742328 0.380474
vt 0.735175 0.313546
vt 0.696384 0.304840
vt 0.709397 0.262844
vt 0.709927 0.308824
vt 0.596083 0.291589
vt 0.617575 0.287882
vt 0.718613 0.264786
vt 0.651702 0.072510
vt 0.647903 0.027531
vt 0.658188 0.028371
vt 0.743153 0.472192
vt 0.741098 0.426441
vt 0.643346 0.072684
vt 0.604624 0.335265
vt 0.620863 0.369813
vt 0.756349 0.379946
vt 0.749777 0.380684
vt 0.665846 0.074231
vt 0.666028 0.029578
vt 0.674221 0.031806
vt 0.764204 0.426958
vt 0.764103 0.471253
vt 0.650328 0.119849
vt 0.658232 0.072786
vt 0.643746 0.119105
vt 0.636114 0.119302
vt 0.628073 0.120161
vt 0.625774 0.074280
vt 0.763999 0.063195
vt 0.734854 0.379589
vt 0.728215 0.378153
vt 0.726694 0.312878
vt 0.741850 0.264267
vt 0.736449 0.210588
vt 0.743441 0.208949
vt 0.748802 0.163563
vt 0.733665 0.264985
vt 0.729350 0.211823
vt 0.719643 0.311842
vt 0.637623 0.186401
vt 0.749091 0.262972
vt 0.731017 0.170409
vt 0.736543 0.168754
vt 0.742824 0.166322
vt 0.627710 0.235168
vt 0.629060 0.186373
vt 0.725451 0.265025
vt 0.723280 0.212586
vt 0.620430 0.187055
vt 0.635959 0.235909
vt 0.630987 0.289791
vt 0.623796 0.288580
vt 0.619430 0.235216
vt 0.644027 0.336646
vt 0.637976 0.333949
vt 0.631439 0.331455
vt 0.638039 0.291363
vt 0.702375 0.368349
vt 0.612522 0.235541
vt 0.701938 0.208350
vt 0.721711 0.169804
vt 0.714200 0.211983
vt 0.696537 0.258686
vt 0.680971 0.034900
vt 0.590092 0.007220
vt 0.593004 0.032317
vt 0.690223 0.429615
vt 0.681115 0.411161
vt 0.685088 0.409647
vt 0.726163 0.129722
vt 0.743099 0.137513
vt 0.734658 0.136130
vt 0.715253 0.494903
vt 0.733313 0.471625
vt 0.732594 0.496791
vt 0.686542 0.430885
vt 0.790399 0.068211
vt 0.784879 0.088075
vt 0.778572 0.423148
vt 0.391236 0.112667
vt 0.362800 0.117038
vt 0.375385 0.097978
vt 0.771807 0.425524
vt 0.765652 0.128037
vt 0.772463 0.130115
vt 0.394130 0.108956
vt 0.377323 0.094674
vt 0.377817 0.093434
vt 0.661194 0.371793
vt 0.667946 0.369657
vt 0.771921 0.470062
vt 0.793935 0.486844
vt 0.780095 0.467855
vt 0.786833 0.464782
vt 0.248697 0.462619
vt 0.182057 0.456830
vt 0.229003 0.004415
vt 0.277568 0.011474
vt 0.277710 0.013454
vt 0.315805 0.030815
vt 0.315672 0.032569
vt 0.117977 0.019965
vt 0.182879 0.002551
vt 0.184057 0.004454
vt 0.278016 0.023707
vt 0.229775 0.014430
vt 0.398400 0.391311
vt 0.438875 0.378845
vt 0.404393 0.413848
vt 0.406187 0.421408
vt 0.441317 0.383385
vt 0.406387 0.423246
vt 0.063406 0.047237
vt 0.024663 0.078987
vt 0.022899 0.077327
vt 0.393383 0.109945
vt 0.456964 0.367104
vt 0.440799 0.382161
vt 0.088706 0.397778
vt 0.127463 0.429542
vt 0.086942 0.399438
vt 0.342131 0.055270
vt 0.342323 0.053436
vt 0.334466 0.085410
vt 0.340387 0.062785
vt 0.082384 0.088440
vt 0.032961 0.092196
vt 0.069891 0.061820
vt 0.782249 0.367542
vt 0.248108 0.472419
vt 0.292231 0.474426
vt 0.246953 0.474276
vt 0.800535 0.459491
vt 0.791442 0.418179
vt 0.794138 0.069443
vt 0.788889 0.089547
vt 0.230184 0.039338
vt 0.293077 0.472379
vt 0.191339 0.073929
vt 0.126704 0.057901
vt 0.341648 0.465255
vt 0.341753 0.463297
vt 0.379842 0.445998
vt 0.180555 0.458317
vt 0.293843 0.462331
vt 0.376922 0.413464
vt 0.379338 0.436355
vt 0.379678 0.444245
vt 0.133951 0.414954
vt 0.128706 0.427777
vt 0.064649 0.049001
vt 0.377926 0.131586
vt 0.312914 0.063244
vt 0.315333 0.040461
vt 0.097008 0.384564
vt 0.146448 0.388325
vt 0.407060 0.124507
vt 0.409731 0.120845
vt 0.694697 0.040232
vt 0.685504 0.081613
vt 0.426423 0.359722
vt 0.050103 0.118936
vt 0.114158 0.357816
vt 0.368534 0.144565
vt 0.294227 0.437413
vt 0.276878 0.046534
vt 0.336788 0.400600
vt 0.340928 0.430189
vt 0.342087 0.452922
vt 0.393695 0.143677
vt 0.676256 0.132277
vt 0.776882 0.304844
vt 0.774856 0.260547
vt 0.781385 0.136006
vt 0.778959 0.170010
vt 0.676765 0.363690
vt 0.674082 0.329784
vt 0.670032 0.287975
vt 0.775459 0.211988
vt 0.259205 0.240435
vt 0.231347 0.264764
vt 0.226575 0.247342
vt 0.358708 0.183974
vt 0.137467 0.221144
vt 0.167239 0.211992
vt 0.162459 0.229409
vt 0.447297 0.319841
vt 0.422750 0.292892
vt 0.381973 0.263097
vt 0.345973 0.267165
vt 0.351939 0.249810
vt 0.432388 0.332296
vt 0.671296 0.453763
vt 0.674602 0.453144
vt 0.667504 0.454378
vt 0.677491 0.452550
vt 0.767045 0.044180
vt 0.669078 0.239420
vt 0.197655 0.218034
vt 0.268693 0.232617
vt 0.759765 0.043206
vt 0.750372 0.060791
vt 0.753065 0.042275
vt 0.663685 0.454947
vt 0.756415 0.496343
vt 0.768162 0.494730
vt 0.743828 0.497017
vt 0.777032 0.492755
vt 0.626587 0.002682
vt 0.701709 0.422445
vt 0.691628 0.448894
vt 0.676595 0.434470
vt 0.680530 0.009823
vt 0.671201 0.006821
vt 0.781012 0.046427
vt 0.067562 0.382313
vt 0.066036 0.384216
vt 0.408972 0.121843
vt 0.075778 0.369258
vt 0.457732 0.368086
vt 0.454858 0.364341
vt 0.094626 0.342013
vt 0.441728 0.345290
vt 0.808167 0.480945
vt 0.695357 0.447756
vt 0.287861 0.227019
vt 0.281959 0.209629
vt 0.116477 0.018476
vt 0.717242 0.373696
vt 0.710293 0.164417
vt 0.228140 0.002352
vt 0.217778 0.238240
vt 0.218412 0.219578
vt 0.670933 0.195042
vt 0.282524 0.257205
vt 0.243897 0.237072
vt 0.804742 0.520368
vt 0.833923 0.530946
vt 0.785999 0.545782
vt 0.849883 0.497432
vt 0.862773 0.531884
vt 0.886535 0.310122
vt 0.901375 0.273817
vt 0.903668 0.309192
vt 0.866573 0.309693
vt 0.879328 0.274906
vt 0.822091 0.287042
vt 0.850748 0.276320
vt 0.818981 0.576413
vt 0.769250 0.580129
vt 0.856865 0.579507
vt 0.900173 0.226647
vt 0.873361 0.227319
vt 0.803424 0.261682
vt 0.835757 0.230877
vt 0.813005 0.632500
vt 0.764725 0.624281
vt 0.872023 0.169117
vt 0.900397 0.168739
vt 0.829640 0.174665
vt 0.786537 0.227264
vt 0.769411 0.664512
vt 0.855682 0.637677
vt 0.814292 0.682660
vt 0.874259 0.117736
vt 0.901434 0.117526
vt 0.831064 0.124451
vt 0.786493 0.142801
vt 0.789394 0.719150
vt 0.857777 0.689045
vt 0.827259 0.748532
vt 0.882189 0.051113
vt 0.903668 0.050855
vt 0.843970 0.058372
vt 0.806299 0.088101
vt 0.884977 0.689128
vt 0.865734 0.755599
vt 0.884082 0.637916
vt 0.883710 0.580005
vt 0.870079 0.496602
vt 0.884856 0.532827
vt 0.308015 0.239734
vt 0.281903 0.238546
vt 0.799135 0.051055
vt 0.702396 0.018737
vt 0.030575 0.134730
vt 0.003525 0.094444
vt 0.011736 0.107495
vt 0.470760 0.352585
vt 0.472643 0.355242
vt 0.001999 0.092541
vt 0.786339 0.489785
vt 0.795355 0.049951
vt 0.662307 0.004818
vt 0.637877 0.002470
vt 0.650519 0.003169
vt 0.646902 0.438668
vt 0.656490 0.455976
vt 0.649871 0.456968
vt 0.332792 0.244209
vt 0.778084 0.045875
vt 0.770906 0.044724
vt 0.774736 0.045302
vt 0.317915 0.213721
vt 0.383365 0.157117
vt 0.201574 0.255596
vt 0.195081 0.236334
vt 0.457554 0.333321
vt 0.473399 0.356234
vt 0.688140 0.012790
vt 0.609137 0.004415
vt 0.696384 0.491671
vt 0.699810 0.466812
vt 0.125907 0.305747
vt 0.376419 0.460567
vt 0.359203 0.476080
vt 0.352649 0.465597
vt 0.367519 0.720706
vt 0.346280 0.739566
vt 0.361940 0.715648
vt 0.341778 0.759756
vt 0.336556 0.761495
vt 0.586657 0.614238
vt 0.587798 0.631379
vt 0.582955 0.634718
vt 0.740006 0.594340
vt 0.753949 0.598991
vt 0.737391 0.600647
vt 0.604716 0.608978
vt 0.625870 0.615101
vt 0.598117 0.623696
vt 0.591812 0.613321
vt 0.567600 0.519887
vt 0.590608 0.568090
vt 0.564386 0.564296
vt 0.632138 0.603470
vt 0.659006 0.609642
vt 0.010830 0.494115
vt 0.039414 0.496273
vt 0.005339 0.515302
vt 0.533774 0.717397
vt 0.555732 0.728627
vt 0.537165 0.732537
vt 0.520490 0.700577
vt 0.518283 0.721282
vt 0.511421 0.704025
vt 0.166807 0.662847
vt 0.198470 0.665958
vt 0.164623 0.670869
vt 0.553819 0.712950
vt 0.529730 0.697205
vt 0.551470 0.693251
vt 0.198414 0.656508
vt 0.168574 0.656099
vt 0.197069 0.646178
vt 0.192730 0.631387
vt 0.321089 0.493909
vt 0.305707 0.495344
vt 0.310404 0.486451
vt 0.339146 0.792139
vt 0.351276 0.794079
vt 0.343904 0.801705
vt 0.352540 0.803032
vt 0.383755 0.473587
vt 0.404293 0.457157
vt 0.412868 0.472829
vt 0.099399 0.483122
vt 0.074823 0.469092
vt 0.098842 0.465585
vt 0.617757 0.700094
vt 0.641218 0.675400
vt 0.626929 0.703744
vt 0.615633 0.733911
vt 0.609254 0.740371
vt 0.608489 0.732995
vt 0.053659 0.590976
vt 0.017906 0.599900
vt 0.048325 0.575931
vt 0.045593 0.448326
vt 0.075608 0.456718
vt 0.046567 0.463711
vt 0.488523 0.804438
vt 0.462043 0.786890
vt 0.492366 0.794141
vt 0.321871 0.479163
vt 0.330010 0.487865
vt 0.528245 0.467091
vt 0.533216 0.492629
vt 0.515433 0.465146
vt 0.823203 0.863715
vt 0.802768 0.836671
vt 0.815995 0.830971
vt 0.488342 0.671438
vt 0.478236 0.677771
vt 0.469474 0.672857
vt 0.026069 0.613994
vt 0.058770 0.605621
vt 0.036893 0.630994
vt 0.642532 0.508005
vt 0.622796 0.525285
vt 0.619079 0.509742
vt 0.535713 0.469244
vt 0.550338 0.499022
vt 0.497978 0.667116
vt 0.497892 0.675541
vt 0.508944 0.740345
vt 0.503326 0.726092
vt 0.494890 0.707598
vt 0.081821 0.581256
vt 0.103241 0.596697
vt 0.084348 0.598279
vt 0.100869 0.529170
vt 0.071234 0.508506
vt 0.100067 0.504243
vt 0.608998 0.526828
vt 0.612653 0.565726
vt 0.601279 0.568989
vt 0.638388 0.559524
vt 0.087207 0.616739
vt 0.489024 0.463662
vt 0.468303 0.478966
vt 0.458470 0.460096
vt 0.444465 0.680625
vt 0.437066 0.675374
vt 0.410270 0.686899
vt 0.403692 0.681251
vt 0.474277 0.735897
vt 0.463641 0.714001
vt 0.481379 0.753223
vt 0.448350 0.765749
vt 0.440619 0.746873
vt 0.429581 0.723085
vt 0.647166 0.520103
vt 0.667873 0.555916
vt 0.736209 0.544672
vt 0.717716 0.562333
vt 0.717657 0.532578
vt 0.387887 0.765213
vt 0.361867 0.769018
vt 0.381434 0.750410
vt 0.391869 0.776272
vt 0.366578 0.780309
vt 0.356077 0.796996
vt 0.346890 0.784633
vt 0.738438 0.570014
vt 0.746913 0.553754
vt 0.753848 0.576514
vt 0.694539 0.510835
vt 0.673961 0.516630
vt 0.670530 0.505258
vt 0.939921 0.606788
vt 0.977731 0.601456
vt 0.939456 0.617323
vt 0.906450 0.788913
vt 0.899906 0.764636
vt 0.906897 0.760145
vt 0.863187 0.843458
vt 0.981988 0.736148
vt 0.984412 0.698667
vt 0.989552 0.738550
vt 0.943969 0.755706
vt 0.985747 0.763814
vt 0.945750 0.782937
vt 0.942989 0.680519
vt 0.906777 0.656695
vt 0.941093 0.647861
vt 0.928846 0.586145
vt 0.942728 0.594310
vt 0.920542 0.599377
vt 0.987695 0.704592
vt 0.979389 0.529294
vt 0.976453 0.494080
vt 0.982229 0.490721
vt 0.977643 0.698279
vt 0.943988 0.715135
vt 0.902107 0.728602
vt 0.904756 0.722376
vt 0.899090 0.345936
vt 0.911734 0.336827
vt 0.922689 0.351755
vt 0.904916 0.482272
vt 0.941603 0.464854
vt 0.942066 0.494861
vt 0.994422 0.667825
vt 0.982201 0.663131
vt 0.990691 0.662695
vt 0.984010 0.629945
vt 0.993828 0.628940
vt 0.998142 0.633133
vt 0.896981 0.448422
vt 0.941654 0.433981
vt 0.896793 0.335388
vt 0.906923 0.328697
vt 0.977818 0.462255
vt 0.982755 0.458290
vt 0.978340 0.432753
vt 0.983426 0.428816
vt 0.969532 0.559243
vt 0.955701 0.563560
vt 0.954705 0.561591
vt 0.960292 0.362516
vt 0.943440 0.352216
vt 0.946478 0.349059
vt 0.932350 0.342846
vt 0.931642 0.338857
vt 0.948491 0.579384
vt 0.935898 0.577401
vt 0.953765 0.567495
vt 0.914789 0.612324
vt 0.910789 0.624974
vt 0.978185 0.577455
vt 0.976058 0.566208
vt 0.981920 0.579004
vt 0.969737 0.568327
vt 0.972988 0.565750
vt 0.967447 0.563098
vt 0.968296 0.561530
vt 0.882776 0.327753
vt 0.893354 0.330217
vt 0.893169 0.341046
vt 0.884521 0.457521
vt 0.888782 0.440802
vt 0.896818 0.475028
vt 0.925356 0.587569
vt 0.916709 0.601077
vt 0.922235 0.587712
vt 0.932911 0.574944
vt 0.935245 0.576169
vt 0.900057 0.388079
vt 0.940135 0.384827
vt 0.941670 0.398692
vt 0.910914 0.718232
vt 0.901836 0.690189
vt 0.908188 0.686329
vt 0.899302 0.695717
vt 0.898130 0.664726
vt 0.900696 0.660266
vt 0.876535 0.425649
vt 0.882941 0.411641
vt 0.877144 0.363263
vt 0.893759 0.369867
vt 0.889593 0.381729
vt 0.931927 0.326278
vt 0.501933 0.485681
vt 0.337897 0.672693
vt 0.346009 0.668945
vt 0.351582 0.682756
vt 0.526044 0.719292
vt 0.522955 0.734450
vt 0.596092 0.568543
vt 0.760930 0.578742
vt 0.754206 0.589179
vt 0.471427 0.782426
vt 0.495592 0.783642
vt 0.064747 0.619927
vt 0.054532 0.638577
vt 0.430119 0.797399
vt 0.438683 0.849948
vt 0.415245 0.799069
vt 0.323777 0.632599
vt 0.326478 0.606112
vt 0.335657 0.640360
vt 0.751173 0.594761
vt 0.736279 0.536260
vt 0.716040 0.522337
vt 0.151161 0.751243
vt 0.174889 0.770336
vt 0.158034 0.782641
vt 0.308041 0.513793
vt 0.318805 0.502419
vt 0.322814 0.521251
vt 0.333426 0.659959
vt 0.751288 0.551023
vt 0.064630 0.644045
vt 0.089408 0.634238
vt 0.087324 0.657071
vt 0.198946 0.687162
vt 0.167485 0.713778
vt 0.163258 0.690855
vt 0.069676 0.630213
vt 0.037255 0.544841
vt 0.002584 0.540050
vt 0.035324 0.518741
vt 0.104088 0.616650
vt 0.311233 0.539437
vt 0.326500 0.547130
vt 0.311462 0.567635
vt 0.325246 0.575005
vt 0.544711 0.590584
vt 0.544687 0.562841
vt 0.550000 0.661856
vt 0.221282 0.707843
vt 0.200910 0.709244
vt 0.351234 0.743462
vt 0.717630 0.592394
vt 0.739687 0.584360
vt 0.717836 0.579508
vt 0.608141 0.590261
vt 0.634358 0.584683
vt 0.665536 0.580710
vt 0.664083 0.599362
vt 0.591205 0.593783
vt 0.337904 0.678385
vt 0.353174 0.689522
vt 0.596435 0.593714
vt 0.562864 0.591368
vt 0.138183 0.694613
vt 0.142582 0.722734
vt 0.402867 0.734922
vt 0.385726 0.700548
vt 0.072959 0.532834
vt 0.581692 0.615150
vt 0.561143 0.615681
vt 0.697106 0.521779
vt 0.694404 0.557047
vt 0.692223 0.594619
vt 0.693235 0.578539
vt 0.687741 0.603721
vt 0.569089 0.691234
vt 0.412071 0.755204
vt 0.418323 0.771020
vt 0.713594 0.600360
vt 0.104983 0.635231
vt 0.106373 0.659267
vt 0.431619 0.456818
vt 0.379634 0.694996
vt 0.314366 0.598971
vt 0.910414 0.614406
vt 0.905890 0.627840
vt 0.907203 0.616428
vt 0.913527 0.602230
vt 0.880797 0.352750
vt 0.894632 0.356178
vt 0.980071 0.376368
vt 0.969657 0.377222
vt 0.972308 0.361992
vt 0.986512 0.600462
vt 0.986873 0.591529
vt 0.991285 0.602742
vt 0.982408 0.589607
vt 0.972234 0.580215
vt 0.976165 0.392438
vt 0.965795 0.381500
vt 0.956833 0.366487
vt 0.903421 0.376133
vt 0.934292 0.369294
vt 0.544621 0.518274
vt 0.544686 0.615719
vt 0.004506 0.568774
vt 0.079060 0.565006
vt 0.045007 0.475952
vt 0.072814 0.487747
vt 0.513677 0.805846
vt 0.513689 0.794532
vt 0.513676 0.782987
vt 0.220322 0.641510
vt 0.220068 0.627306
vt 0.993045 0.766325
vt 0.994456 0.747173
vt 0.998142 0.774200
vt 0.086038 0.677841
vt 0.061034 0.675422
vt 0.088279 0.665221
vt 0.903543 0.541831
vt 0.913470 0.518732
vt 0.911986 0.545901
vt 0.971609 0.396549
vt 0.901089 0.850187
vt 0.863804 0.876655
vt 0.945260 0.525826
vt 0.201887 0.734194
vt 0.222134 0.766960
vt 0.202228 0.768136
vt 0.220652 0.663038
vt 0.440536 0.474090
vt 0.220494 0.652569
vt 0.569313 0.727013
vt 0.569224 0.711129
vt 0.172436 0.738702
vt 0.101947 0.561681
vt 0.222909 0.812357
vt 0.200980 0.790182
vt 0.222502 0.789055
vt 0.457375 0.842868
vt 0.448207 0.797391
vt 0.418903 0.858053
vt 0.385585 0.804954
vt 0.221633 0.732966
vt 0.360134 0.808415
vt 0.373440 0.870807
vt 0.337592 0.810451
vt 0.608080 0.497609
vt 0.598504 0.520697
vt 0.605368 0.490351
vt 0.490374 0.837422
vt 0.513626 0.836053
vt 0.143098 0.668287
vt 0.397301 0.866154
vt 0.220977 0.685831
vt 0.242582 0.665262
vt 0.242693 0.686514
vt 0.961978 0.348252
vt 0.947693 0.335841
vt 0.902817 0.362063
vt 0.419713 0.779791
vt 0.346955 0.867083
vt 0.317724 0.808338
vt 0.392472 0.783755
vt 0.369387 0.788005
vt 0.369107 0.794350
vt 0.509218 0.747485
vt 0.482564 0.761591
vt 0.522393 0.519481
vt 0.499362 0.568092
vt 0.492918 0.519307
vt 0.522618 0.741296
vt 0.148707 0.657732
vt 0.447597 0.846322
vt 0.157480 0.648146
vt 0.905521 0.515270
vt 0.892758 0.418794
vt 0.904682 0.316077
vt 0.944164 0.550787
vt 0.988284 0.475870
vt 0.989927 0.443938
vt 0.983230 0.520079
vt 0.890264 0.521793
vt 0.893592 0.498755
vt 0.314460 0.844443
vt 0.306942 0.805467
vt 0.332442 0.859533
vt 0.510161 0.668795
vt 0.608403 0.696552
vt 0.584448 0.712632
vt 0.586425 0.692825
vt 0.899262 0.792465
vt 0.897145 0.770580
vt 0.979891 0.552710
vt 0.974411 0.530245
vt 0.013070 0.901854
vt 0.018551 0.879390
vt 0.018323 0.903668
vt 0.983981 0.543321
vt 0.830671 0.930750
vt 0.823915 0.902919
vt 0.831807 0.896182
vt 0.859831 0.764865
vt 0.835863 0.760223
vt 0.832805 0.755080
vt 0.047702 0.874970
vt 0.080975 0.895045
vt 0.048797 0.899932
vt 0.099607 0.679361
vt 0.110185 0.676897
vt 0.099792 0.690190
vt 0.974361 0.591716
vt 0.093871 0.695081
vt 0.081227 0.685972
vt 0.096168 0.684533
vt 0.166532 0.820613
vt 0.158214 0.802364
vt 0.173401 0.791164
vt 0.275239 0.712288
vt 0.303961 0.692392
vt 0.300362 0.720619
vt 0.075496 0.441117
vt 0.098460 0.454067
vt 0.199870 0.814067
vt 0.387821 0.214390
vt 0.374630 0.192775
vt 0.401228 0.192782
vt 0.122856 0.579743
vt 0.121631 0.596841
vt 0.014711 0.482023
vt 0.350201 0.590981
vt 0.336159 0.595258
vt 0.339042 0.591108
vt 0.270935 0.737315
vt 0.241717 0.767410
vt 0.241081 0.733623
vt 0.514396 0.194015
vt 0.531257 0.209913
vt 0.506767 0.206866
vt 0.501565 0.631299
vt 0.502815 0.614228
vt 0.506374 0.634619
vt 0.792360 0.739565
vt 0.796788 0.759775
vt 0.787386 0.743444
vt 0.771153 0.720655
vt 0.776782 0.715601
vt 0.457596 0.602840
vt 0.430651 0.608367
vt 0.425838 0.597989
vt 0.352646 0.597347
vt 0.372590 0.589628
vt 0.376409 0.597687
vt 0.497675 0.613269
vt 0.491280 0.623546
vt 0.484848 0.608802
vt 0.160019 0.492533
vt 0.187745 0.488497
vt 0.195058 0.509439
vt 0.463625 0.614564
vt 0.483293 0.525627
vt 0.477754 0.565524
vt 0.469710 0.524280
vt 0.604717 0.716966
vt 0.582800 0.728414
vt 0.271929 0.654777
vt 0.242357 0.655810
vt 0.243254 0.645591
vt 0.246702 0.631255
vt 0.274189 0.661354
vt 0.584303 0.230383
vt 0.568957 0.228601
vt 0.579808 0.221386
vt 0.486607 0.189976
vt 0.785870 0.803032
vt 0.787164 0.794079
vt 0.794513 0.801733
vt 0.799306 0.792180
vt 0.791585 0.784644
vt 0.122480 0.467441
vt 0.147282 0.603275
vt 0.182382 0.612201
vt 0.173026 0.630981
vt 0.528523 0.615678
vt 0.511242 0.638008
vt 0.507768 0.615175
vt 0.530050 0.643472
vt 0.544619 0.644890
vt 0.568509 0.213840
vt 0.554119 0.784543
vt 0.533926 0.795652
vt 0.530988 0.784404
vt 0.361782 0.193993
vt 0.356159 0.219532
vt 0.339048 0.225171
vt 0.650958 0.670581
vt 0.660880 0.677905
vt 0.640645 0.666301
vt 0.627869 0.668281
vt 0.422082 0.503730
vt 0.445429 0.518871
vt 0.418482 0.514902
vt 0.151631 0.588053
vt 0.188975 0.596205
vt 0.635037 0.725609
vt 0.620103 0.720859
vt 0.612388 0.718856
vt 0.128598 0.506612
vt 0.102547 0.578439
vt 0.124489 0.563361
vt 0.423258 0.554552
vt 0.452537 0.558910
vt 0.329842 0.231336
vt 0.346519 0.197808
vt 0.354168 0.195882
vt 0.119815 0.632895
vt 0.120333 0.615368
vt 0.421988 0.209684
vt 0.701779 0.675184
vt 0.728509 0.687102
vt 0.694473 0.680919
vt 0.669515 0.672179
vt 0.643407 0.707283
vt 0.664006 0.735394
vt 0.674473 0.713617
vt 0.697572 0.746512
vt 0.690022 0.765341
vt 0.657107 0.752665
vt 0.629608 0.739753
vt 0.344369 0.550278
vt 0.352407 0.566736
vt 0.336850 0.572821
vt 0.776638 0.768969
vt 0.750539 0.765071
vt 0.757019 0.750296
vt 0.771887 0.780250
vt 0.782350 0.796982
vt 0.769059 0.787942
vt 0.746571 0.776125
vt 0.376012 0.519671
vt 0.395029 0.519549
vt 0.374151 0.529869
vt 0.355297 0.541486
vt 0.373303 0.559612
vt 0.853307 0.787143
vt 0.820323 0.790305
vt 0.819610 0.778309
vt 0.821956 0.940647
vt 0.826122 0.955590
vt 0.816784 0.965015
vt 0.857230 0.767927
vt 0.844183 0.772397
vt 0.899016 0.881624
vt 0.864251 0.910113
vt 0.016797 0.741583
vt 0.006497 0.741157
vt 0.012890 0.725513
vt 0.863235 0.973445
vt 0.898871 0.952021
vt 0.899982 0.978631
vt 0.013572 0.878438
vt 0.016508 0.843225
vt 0.907316 0.961539
vt 0.908837 0.985820
vt 0.095980 0.797566
vt 0.051307 0.783126
vt 0.100203 0.767939
vt 0.070272 0.700899
vt 0.090145 0.711207
vt 0.058669 0.718438
vt 0.817730 0.765203
vt 0.815612 0.755909
vt 0.818898 0.758418
vt 0.812436 0.869979
vt 0.051358 0.813998
vt 0.088045 0.831417
vt 0.050896 0.844005
vt 0.010206 0.807435
vt 0.014621 0.781898
vt 0.015143 0.811400
vt 0.010732 0.839865
vt 0.909829 0.859126
vt 0.046483 0.698203
vt 0.060611 0.691990
vt 0.049521 0.701361
vt 0.032669 0.711660
vt 0.036128 0.715631
vt 0.877998 0.788485
vt 0.858588 0.799852
vt 0.866435 0.775895
vt 0.811641 0.766112
vt 0.811645 0.780262
vt 0.110790 0.690138
vt 0.098329 0.705322
vt 0.110021 0.760786
vt 0.116426 0.774793
vt 0.104179 0.789946
vt 0.873282 0.777064
vt 0.089540 0.725277
vt 0.885311 0.791102
vt 0.886784 0.801653
vt 0.907167 0.891364
vt 0.895504 0.912798
vt 0.108440 0.806666
vt 0.096143 0.824172
vt 0.112164 0.701894
vt 0.099202 0.719012
vt 0.087441 0.864415
vt 0.102698 0.870938
vt 0.089418 0.890975
vt 0.079492 0.867877
vt 0.473804 0.509780
vt 0.450214 0.507322
vt 0.589459 0.850037
vt 0.595613 0.800213
vt 0.611935 0.800235
vt 0.580014 0.846682
vt 0.576298 0.801485
vt 0.336160 0.585455
vt 0.138219 0.628124
vt 0.155439 0.638475
vt 0.145355 0.642985
vt 0.562720 0.790099
vt 0.537532 0.806426
vt 0.493969 0.568440
vt 0.488376 0.522303
vt 0.540083 0.403040
vt 0.548013 0.407037
vt 0.534206 0.416720
vt 0.340072 0.547438
vt 0.329722 0.574860
vt 0.551063 0.374698
vt 0.552785 0.394393
vt 0.561007 0.340667
vt 0.563080 0.367231
vt 0.566614 0.255897
vt 0.577781 0.274340
vt 0.562340 0.281688
vt 0.571049 0.237160
vt 0.581553 0.248774
vt 0.355442 0.533082
vt 0.278864 0.689249
vt 0.165135 0.540671
vt 0.199218 0.533929
vt 0.199218 0.562864
vt 0.142204 0.617844
vt 0.532511 0.423401
vt 0.547789 0.418375
vt 0.530815 0.430082
vt 0.587392 0.661045
vt 0.241355 0.708657
vt 0.350782 0.581027
vt 0.372725 0.576759
vt 0.708566 0.722860
vt 0.481669 0.590122
vt 0.455772 0.584090
vt 0.424871 0.579358
vt 0.493246 0.593666
vt 0.488887 0.568806
vt 0.498447 0.593837
vt 0.802005 0.761534
vt 0.269368 0.768814
vt 0.292484 0.749337
vt 0.286580 0.781226
vt 0.526900 0.591406
vt 0.735413 0.734766
vt 0.525438 0.564278
vt 0.128429 0.530944
vt 0.165448 0.514618
vt 0.396735 0.554958
vt 0.752970 0.700562
vt 0.397887 0.592522
vt 0.397307 0.576449
vt 0.397810 0.508667
vt 0.449985 0.206025
vt 0.432158 0.191008
vt 0.459272 0.188934
vt 0.576910 0.302527
vt 0.562952 0.309592
vt 0.726219 0.754969
vt 0.720061 0.770751
vt 0.124355 0.656086
vt 0.402123 0.601721
vt 0.477678 0.205456
vt 0.573280 0.333800
vt 0.759140 0.694964
vt 0.735116 0.681264
vt 0.894723 0.805614
vt 0.893210 0.815023
vt 0.115817 0.712408
vt 0.103368 0.730874
vt 0.020653 0.711137
vt 0.030983 0.697397
vt 0.903029 0.922762
vt 0.810542 0.792774
vt 0.818603 0.800658
vt 0.807180 0.803984
vt 0.864795 0.948173
vt 0.860834 0.810970
vt 0.023304 0.726367
vt 0.027166 0.730645
vt 0.021352 0.745694
vt 0.009535 0.777961
vt 0.003034 0.793083
vt 0.003034 0.762597
vt 0.052826 0.733972
vt 0.092905 0.737224
vt 0.051291 0.747837
vt 0.156114 0.572443
vt 0.125731 0.485959
vt 0.152647 0.472708
vt 0.099369 0.847899
vt 0.051013 0.762405
vt 0.016648 0.761429
vt 0.538047 0.199581
vt 0.560176 0.222356
vt 0.276782 0.669278
vt 0.569792 0.843583
vt 0.297687 0.666157
vt 0.482016 0.505193
vt 0.669784 0.807154
vt 0.656353 0.870807
vt 0.632004 0.866107
vt 0.609941 0.857947
vt 0.061319 0.688002
vt 0.045268 0.684986
vt 0.688322 0.774651
vt 0.718696 0.779577
vt 0.643562 0.804030
vt 0.745967 0.783629
vt 0.769322 0.794294
vt 0.629418 0.746860
vt 0.656011 0.761030
vt 0.692780 0.809186
vt 0.683539 0.866499
vt 0.616054 0.740703
vt 0.291201 0.655798
vt 0.281762 0.646707
vt 0.008980 0.892465
vt 0.009731 0.869224
vt 0.107578 0.666842
vt 0.004677 0.825014
vt 0.555503 0.736883
vt 0.536388 0.740434
vt 0.181909 0.476444
vt 0.559441 0.643697
vt 0.578055 0.638123
vt 0.569414 0.735581
vt 0.601566 0.732097
vt 0.583187 0.736736
vt 0.149275 0.460811
vt 0.724709 0.802877
vt 0.717426 0.842207
vt 0.698605 0.858016
vt 0.552345 0.437137
vt 0.532597 0.450092
vt 0.558584 0.449971
vt 0.537833 0.463130
vt 0.352890 0.716214
vt 0.326438 0.715454
vt 0.333220 0.702642
vt 0.354769 0.696289
vt 0.815754 0.811722
vt 0.802768 0.816335
vt 0.278604 0.819463
vt 0.287228 0.801653
vt 0.293899 0.829732
vt 0.271549 0.789460
vt 0.713315 0.806647
vt 0.120723 0.455218
vt 0.243653 0.789154
vt 0.148252 0.445654
vt 0.119679 0.439728
vt 0.484470 0.497673
vt 0.486830 0.490351
vt 0.175531 0.465239
vt 0.245528 0.812801
vt 0.098335 0.749551
vt 0.862233 0.823160
vt 0.109250 0.743094
vt 0.120581 0.723973
vt 0.011569 0.757527
vt 0.939736 0.628728
vt 0.976313 0.412285
vt 0.898426 0.829439
vt 0.901823 0.820679
vt 0.121174 0.743450
vt 0.981392 0.408382
vt 0.989927 0.413452
vt 0.907249 0.836860
vt 0.981683 0.611693
vt 0.941948 0.413261
vt 0.907895 0.638319
vt 0.894626 0.400406
vt 0.882171 0.340994
vt 0.883712 0.393950
vt 0.986464 0.392012
vt 0.871787 0.394306
vt 0.994996 0.614234
vt 0.990677 0.611146
vt 0.872380 0.374828
vt 0.902784 0.641611
vt 0.900042 0.645111
vt 0.902686 0.630677
vt 0.529496 0.740909
vt 0.530172 0.733489
vt 0.503696 0.593976
vt 0.547900 0.412706
vt 0.603440 0.523614
vt 0.610890 0.505060
vt 0.631149 0.660748
vt 0.615534 0.661007
vt 0.602430 0.739966
vt 0.521685 0.661963
vt 0.585934 0.593823
vt 0.337909 0.684076
vt 0.019027 0.470579
vt 0.506976 0.661838
vt 0.543194 0.471404
vt 0.558596 0.505481
vt 0.680600 0.451827
vt 0.784172 0.047110
vt 0.781791 0.182983
vt 0.887238 0.755795
vt 0.887238 0.497460
vt 0.885383 0.317697
vt 0.760467 0.591475
vt 0.568843 0.659789
vt 0.450120 0.775069
vt 0.296871 0.801850
vt 0.896880 0.796871
vt 0.974638 0.554524
vt 0.151756 0.829732
vt 0.097940 0.439234
vt 0.320637 0.237501
vt 0.329850 0.587584
vt 0.536570 0.838342
vt 0.735257 0.798251
vt 0.346875 0.729096
vt 0.566846 0.511949
g shell
usemtl shell
f 739/500/739 792/501/792 459/502/459
f 486/503/486 980/504/980 794/505/794
f 980/504/980 435/506/435 792/507/792
f 1066/508/1066 735/509/735 1071/510/1071
f 703/511/703 460/512/460 738/513/738
f 417/514/417 737/515/737 452/516/452
f 690/517/690 452/516/452 735/509/735
f 504/518/504 478/519/478 513/520/513
f 696/521/696 458/522/458 737/515/737
f 538/523/538 425/524/425 455/525/455
f 689/526/689 503/527/503 416/528/416
f 1073/529/1073 983/530/983 754/531/754
f 695/532/695 518/533/518 514/534/514
f 783/535/783 479/536/479 512/537/512
f 782/538/782 430/539/430 502/540/502
f 430/539/430 796/541/796 502/540/502
f 981/542/981 460/543/460 736/544/736
f 793/545/793 686/546/686 981/547/981
f 686/546/686 700/548/700 981/547/981
f 980/549/980 490/550/490 794/551/794
f 559/552/559 539/553/539 537/554/537
f 1061/555/1061 926/556/926 886/557/886
f 927/558/927 1062/559/1062 1057/560/1057
f 697/561/697 516/562/516 515/563/515
f 419/564/419 821/565/821 819/566/819
f 507/567/507 740/568/740 780/569/780
f 981/542/981 484/570/484 793/571/793
f 734/572/734 786/573/786 453/574/453
f 982/578/982 422/579/422 786/580/786
f 733/581/733 429/582/429 456/583/456
f 732/584/732 421/585/421 453/586/453
f 1070/587/1070 982/588/982 734/572/734
f 1077/589/1077 797/590/797 982/578/982
f 983/530/983 418/591/418 745/592/745
f 754/531/754 745/592/745 476/593/476
f 781/594/781 433/595/433 506/596/506
f 598/597/598 525/598/525 521/599/521
f 692/600/692 477/601/477 753/602/753
f 421/585/421 751/603/751 477/601/477
f 433/595/433 779/604/779 506/596/506
f 732/605/732 790/606/790 457/607/457
f 786/580/786 693/608/693 984/609/984
f 984/609/984 424/610/424 790/611/790
f 476/593/476 985/612/985 752/613/752
f 745/592/745 691/614/691 985/612/985
f 985/612/985 427/615/427 698/616/698
f 752/613/752 698/616/698 480/617/480
f 694/618/694 481/619/481 751/603/751
f 758/620/758 491/621/491 488/622/488
f 765/623/765 750/624/750 492/625/492
f 485/626/485 986/627/986 765/623/765
f 986/627/986 436/628/436 686/546/686
f 986/627/986 475/629/475 750/624/750
f 749/630/749 438/631/438 474/632/474
f 760/633/760 423/634/423 457/635/457
f 694/618/694 457/635/457 423/634/423
f 692/600/692 453/586/453 421/585/421
f 984/729/984 453/574/453 786/573/786
f 735/730/735 687/731/687 1008/732/1008
f 1076/733/1076 798/734/798 983/530/983
f 1072/735/1072 692/600/692 753/602/753
f 484/736/484 744/737/744 474/632/474
f 780/569/780 467/738/467 509/739/509
f 456/583/456 741/740/741 740/741/740
f 733/742/733 784/743/784 516/744/516
f 737/745/737 699/746/699 1007/747/1007
f 744/737/744 460/512/460 437/748/437
f 739/749/739 488/622/488 490/750/490
f 788/751/788 535/752/535 823/753/823
f 738/754/738 700/755/700 1006/756/1006
f 452/757/452 1007/747/1007 687/731/687
f 758/620/758 459/758/459 438/631/438
f 467/759/467 508/760/508 509/761/509
f 511/762/511 519/763/519 471/764/471
f 740/741/740 468/765/468 467/759/467
f 472/766/472 523/767/523 520/768/520
f 742/769/742 508/760/508 779/604/779
f 474/632/474 459/758/459 484/736/484
f 489/770/489 1006/756/1006 764/771/764
f 759/772/759 764/771/764 1005/773/1005
f 513/520/513 935/774/935 483/775/483
f 479/536/479 500/776/500 512/537/512
f 511/762/511 522/777/522 524/778/524
f 492/625/492 756/779/756 486/503/486
f 487/780/487 993/781/993 703/511/703
f 763/782/763 749/630/749 993/781/993
f 993/781/993 474/632/474 744/737/744
f 703/511/703 744/737/744 437/748/437
f 750/624/750 435/506/435 756/779/756
f 752/613/752 422/579/422 476/593/476
f 688/783/688 696/521/696 417/514/417
f 477/601/477 994/784/994 688/783/688
f 751/603/751 747/785/747 994/784/994
f 994/784/994 428/786/428 696/521/696
f 693/608/693 480/617/480 424/610/424
f 1075/787/1075 690/517/690 1066/508/1066
f 1071/788/1071 1008/732/1008 1074/789/1074
f 753/602/753 688/783/688 995/790/995
f 995/790/995 417/514/417 690/517/690
f 797/590/797 476/593/476 422/579/422
f 475/629/475 792/507/792 435/506/435
f 478/519/478 778/791/778 513/520/513
f 743/792/743 519/763/519 785/793/785
f 424/610/424 762/794/762 702/795/702
f 510/796/510 520/768/520 525/598/525
f 778/791/778 415/797/415 499/798/499
f 762/794/762 486/503/486 702/795/702
f 481/619/481 704/799/704 761/800/761
f 747/785/747 757/801/757 428/786/428
f 481/619/481 996/802/996 747/785/747
f 996/802/996 491/621/491 763/782/763
f 996/802/996 487/780/487 757/801/757
f 704/799/704 490/750/490 488/622/488
f 428/786/428 759/803/759 458/522/458
f 1072/735/1072 995/790/995 1075/787/1075
f 761/800/761 488/622/488 491/621/491
f 500/776/500 482/804/482 512/537/512
f 480/617/480 997/805/997 762/794/762
f 698/616/698 755/806/755 997/805/997
f 997/805/997 485/626/485 765/623/765
f 997/805/997 492/625/492 762/794/762
f 757/801/757 489/807/489 759/803/759
f 509/761/509 469/808/469 470/809/470
f 760/810/760 794/551/794 490/550/490
f 790/611/790 702/795/702 998/811/998
f 702/795/702 794/505/794 998/811/998
f 458/812/458 1005/773/1005 699/746/699
f 504/518/504 483/775/483 558/832/558
f 935/774/935 499/798/499 557/833/557
f 506/596/506 741/740/741 429/582/429
f 515/563/515 473/834/473 472/766/472
f 781/594/781 515/563/515 517/835/517
f 779/604/779 468/765/468 741/740/741
f 536/836/536 505/837/505 425/524/425
f 585/838/585 780/569/780 934/839/934
f 934/839/934 509/739/509 470/840/470
f 434/841/434 796/541/796 791/842/791
f 501/856/501 665/857/665 540/858/540
f 697/561/697 506/596/506 429/582/429
f 517/835/517 472/766/472 510/796/510
f 782/538/782 642/859/642 518/533/518
f 998/860/998 457/607/457 790/606/790
f 936/861/936 502/540/502 434/841/434
f 783/535/783 431/862/431 503/527/503
f 793/571/793 459/502/459 792/501/792
f 748/863/748 512/537/512 482/804/482
f 519/763/519 501/856/501 426/864/426
f 514/534/514 511/762/511 471/764/471
f 520/768/520 455/525/455 425/524/425
f 641/865/641 510/796/510 598/597/598
f 432/866/432 822/867/822 804/868/804
f 507/567/507 789/869/789 456/870/456
f 525/598/525 425/524/425 505/837/505
f 516/744/516 743/871/743 473/872/473
f 524/778/524 560/873/560 501/856/501
f 523/874/523 788/875/788 455/876/455
f 1070/877/1070 419/878/419 454/879/454
f 521/599/521 505/837/505 559/552/559
f 796/880/796 585/838/585 791/881/791
f 784/882/784 471/764/471 743/792/743
f 473/872/473 785/883/785 523/874/523
f 599/884/599 645/885/645 636/886/636
f 427/615/427 1005/890/1005 755/806/755
f 1005/890/1005 485/626/485 755/806/755
f 455/876/455 823/891/823 538/892/538
f 764/893/764 701/894/701 485/626/485
f 1006/895/1006 436/628/436 701/894/701
f 687/896/687 691/614/691 418/591/418
f 1007/897/1007 427/615/427 691/614/691
f 629/898/629 605/899/605 545/900/545
f 1008/901/1008 418/591/418 798/734/798
f 514/534/514 1009/902/1009 695/532/695
f 1009/903/1009 456/870/456 789/869/789
f 695/532/695 789/904/789 430/539/430
f 787/914/787 820/915/820 1017/916/1017
f 1073/529/1073 797/590/797 1068/917/1068
f 1017/916/1017 538/892/538 823/891/823
f 606/918/606 913/919/913 637/920/637
f 420/945/420 1017/946/1017 818/947/818
f 646/948/646 876/949/876 915/950/915
f 818/947/818 823/753/823 535/752/535
f 804/868/804 540/858/540 665/857/665
f 504/951/504 805/952/805 821/565/821
f 819/566/819 539/553/539 536/836/536
f 500/953/500 818/947/818 822/867/822
f 1022/954/1022 579/955/579 866/956/866
f 821/565/821 537/554/537 539/553/539
f 433/595/433 911/957/911 631/958/631
f 820/959/820 536/836/536 538/523/538
f 843/960/843 587/961/587 563/962/563
f 822/867/822 535/752/535 540/858/540
f 552/963/552 668/964/668 626/965/626
f 873/966/873 921/967/921 1018/968/1018
f 869/969/869 1054/970/1054 1059/971/1059
f 1018/972/1018 561/973/561 888/974/888
f 1018/972/1018 611/975/611 923/976/923
f 835/977/835 584/978/584 554/979/554
f 872/980/872 612/981/612 614/982/614
f 829/983/829 578/984/578 543/985/543
f 551/986/551 666/987/666 581/988/581
f 871/989/871 543/985/543 578/984/578
f 831/990/831 604/991/604 547/992/547
f 828/993/828 628/994/628 913/919/913
f 556/995/556 912/996/912 627/997/627
f 925/998/925 556/995/556 627/997/627
f 834/999/834 645/885/645 912/996/912
f 587/1000/587 1019/1001/1019 870/1002/870
f 1018/968/1018 615/1003/615 873/966/873
f 840/1004/840 825/1005/825 1019/1006/1019
f 922/1007/922 825/1005/825 602/1008/602
f 667/1009/667 559/552/559 537/554/537
f 555/1010/555 867/1011/867 582/1012/582
f 624/1013/624 577/1014/577 541/1015/541
f 651/1016/651 557/833/557 652/1017/652
f 1019/1001/1019 609/1018/609 870/1002/870
f 594/1019/594 910/1020/910 634/1021/634
f 868/1022/868 916/1023/916 1020/1024/1020
f 1020/1025/1020 548/1026/548 926/556/926
f 1065/1027/1065 926/556/926 1056/1028/1056
f 583/1029/583 833/1030/833 549/1031/549
f 836/1032/836 643/1033/643 867/1011/867
f 886/557/886 878/1034/878 1021/1035/1021
f 878/1034/878 927/558/927 1021/1035/1021
f 1064/1036/1064 927/558/927 1057/560/1057
f 650/1037/650 598/597/598 521/599/521
f 937/1038/937 644/1039/644 911/957/911
f 608/1040/608 833/1030/833 883/1041/883
f 1065/1042/1065 580/1043/580 1058/1044/1058
f 633/1045/633 742/769/742 909/1046/909
f 866/956/866 920/1047/920 1022/954/1022
f 1022/1048/1022 550/1049/550 832/1050/832
f 916/1051/916 832/1050/832 548/1026/548
f 603/1052/603 1023/1053/1023 878/1034/878
f 884/1054/884 837/1055/837 1023/1053/1023
f 1023/1053/1023 553/1056/553 830/1057/830
f 1023/1053/1023 544/1058/544 878/1034/878
f 564/1059/564 881/1060/881 601/1061/601
f 883/1041/883 547/992/547 604/991/604
f 882/1062/882 897/1063/897 617/1064/617
f 602/1008/602 1024/1065/1024 882/1062/882
f 1024/1065/1024 562/1066/562 841/1067/841
f 1024/1065/1024 610/1068/610 897/1063/897
f 615/1069/615 844/1070/844 613/1071/613
f 890/1072/890 616/1073/616 881/1060/881
f 579/1141/579 831/990/831 547/992/547
f 866/1142/866 547/992/547 833/1030/833
f 914/1143/914 867/1144/867 643/1145/643
f 1040/1146/1040 582/1147/582 867/1144/867
f 1061/555/1061 1021/1035/1021 1064/1036/1064
f 587/961/587 877/1148/877 563/962/563
f 595/1149/595 874/1150/874 594/1151/594
f 874/1152/874 632/1153/632 910/1020/910
f 1060/1154/1060 831/990/831 1055/1155/1055
f 826/1156/826 869/1157/869 1039/1158/1039
f 518/533/518 599/884/599 511/762/511
f 586/1159/586 890/1072/890 564/1059/564
f 877/1148/877 609/1160/609 601/1061/601
f 1038/1161/1038 578/1162/578 826/1156/826
f 838/1163/838 871/1164/871 1038/1161/1038
f 1037/1165/1037 614/1166/614 896/1167/896
f 840/1168/840 872/1169/872 1037/1165/1037
f 594/1151/594 633/1045/633 595/1149/595
f 873/1170/873 613/1071/613 890/1072/890
f 646/948/646 636/886/636 596/1171/596
f 597/1172/597 648/1173/648 600/1174/600
f 875/1175/875 582/1012/582 874/1150/874
f 586/1159/586 601/1061/601 609/1160/609
f 909/1046/909 433/595/433 631/958/631
f 1062/1176/1062 577/1177/577 824/1178/824
f 624/1013/624 935/774/935 557/833/557
f 625/1179/625 606/918/606 637/920/637
f 522/777/522 636/886/636 649/1180/649
f 561/973/561 882/1062/882 888/974/888
f 612/981/612 1027/1181/1027 895/1182/895
f 843/960/843 877/1148/877 1027/1181/1027
f 1027/1181/1027 601/1061/601 881/1060/881
f 895/1182/895 881/1060/881 616/1073/616
f 607/1183/607 832/1050/832 550/1049/550
f 888/974/888 617/1064/617 611/975/611
f 835/977/835 827/1184/827 543/985/543
f 554/979/554 1028/1185/1028 835/977/835
f 880/1186/880 883/1041/883 1028/1185/1028
f 1028/1185/1028 604/991/604 827/1184/827
f 603/1052/603 926/556/926 548/1026/548
f 884/1054/884 548/1026/548 832/1050/832
f 543/985/543 1029/1187/1029 829/983/829
f 827/1184/827 885/1188/885 1029/1187/1029
f 1029/1187/1029 1060/1154/1060 1063/1189/1063
f 921/1190/921 602/1008/602 561/973/561
f 663/1191/663 918/1192/918 957/1193/957
f 541/1015/541 908/1194/908 624/1013/624
f 894/1195/894 611/975/611 617/1064/617
f 908/1194/908 605/899/605 638/1196/638
f 635/1197/635 647/1198/647 597/1172/597
f 613/1071/613 893/1199/893 616/1073/616
f 894/1195/894 550/1049/550 842/1200/842
f 889/1201/889 880/1186/880 554/979/554
f 612/981/612 1030/1202/1030 889/1201/889
f 1030/1202/1030 616/1073/616 893/1199/893
f 1030/1202/1030 608/1040/608 880/1186/880
f 889/1201/889 614/982/614 612/981/612
f 892/1203/892 549/1031/549 844/1070/844
f 1032/1204/1032 583/1205/583 892/1206/892
f 896/1167/896 891/1207/891 1036/1208/1036
f 482/804/482 625/1179/625 637/920/637
f 844/1070/844 608/1040/608 893/1199/893
f 607/1183/607 1031/1209/1031 837/1055/837
f 617/1064/617 1031/1209/1031 894/1195/894
f 1031/1209/1031 610/1068/610 887/1210/887
f 837/1055/837 887/1210/887 553/1056/553
f 634/1211/634 469/808/469 633/1045/633
f 891/1212/891 554/979/554 584/978/584
f 892/1206/892 923/1213/923 1032/1204/1032
f 1036/1208/1036 584/1214/584 838/1163/838
f 923/976/923 842/1200/842 1032/1215/1032
f 920/1216/920 842/1200/842 550/1049/550
f 935/774/935 638/1196/638 483/775/483
f 629/898/629 483/775/483 638/1196/638
f 595/1149/595 909/1046/909 875/1175/875
f 640/1238/640 600/1174/600 643/1033/643
f 631/958/631 836/1032/836 555/1010/555
f 630/1239/630 664/1240/664 551/986/551
f 875/1175/875 631/958/631 555/1010/555
f 634/1021/634 934/839/934 470/840/470
f 925/998/925 434/841/434 791/842/791
f 910/1020/910 585/838/585 934/839/934
f 665/857/665 626/965/626 668/964/668
f 644/1039/644 597/1172/597 640/1238/640
f 911/957/911 640/1238/640 836/1032/836
f 785/793/785 426/864/426 788/751/788
f 627/997/627 936/861/936 434/841/434
f 637/920/637 748/863/748 482/804/482
f 912/996/912 642/859/642 936/861/936
f 913/919/913 431/862/431 748/863/748
f 586/1244/586 922/1245/922 921/967/921
f 646/948/646 626/965/626 649/1180/649
f 639/1246/639 636/886/636 645/885/645
f 647/1198/647 581/988/581 648/1173/648
f 635/1197/635 641/865/641 598/597/598
f 919/1247/919 632/1153/632 582/1147/582
f 650/1037/650 551/986/551 647/1198/647
f 596/1171/596 914/1248/914 876/949/876
f 560/873/560 649/1180/649 626/965/626
f 552/963/552 915/950/915 918/1192/918
f 868/1249/868 1055/1155/1055 831/990/831
f 630/1239/630 521/599/521 559/552/559
f 632/1153/632 791/881/791 585/838/585
f 648/1250/648 918/1251/918 915/1252/915
f 643/1145/643 876/1253/876 914/1143/914
f 887/1210/887 838/1256/838 553/1056/553
f 610/1068/610 1036/1257/1036 887/1210/887
f 600/1258/600 915/1252/915 876/1253/876
f 841/1067/841 896/1259/896 610/1068/610
f 562/1066/562 1037/1260/1037 841/1067/841
f 830/1057/830 826/1261/826 544/1058/544
f 553/1056/553 1038/1262/1038 830/1057/830
f 581/1263/581 957/1264/957 918/1251/918
f 829/983/829 1063/1189/1063 1054/970/1054
f 544/1058/544 1039/1265/1039 927/558/927
f 639/1246/639 1040/1266/1040 914/1248/914
f 834/999/834 919/1267/919 1040/1266/1040
f 416/528/416 940/1272/940 685/1273/685
f 664/1240/664 954/1274/954 666/987/666
f 557/833/557 653/1275/653 652/1017/652
f 499/798/499 451/1276/451 653/1275/653
f 628/994/628 939/1277/939 431/862/431
f 542/1278/542 938/1279/938 628/994/628
f 503/527/503 939/1277/939 940/1272/940
f 668/964/668 804/868/804 665/857/665
f 667/1009/667 953/1280/953 664/1240/664
f 937/1038/937 517/835/517 641/865/641
f 954/1281/954 917/1282/917 1047/1283/1047
f 824/1178/824 651/1284/651 938/1285/938
f 938/1285/938 652/1286/652 939/1287/939
f 940/1288/940 652/1289/652 653/1290/653
f 653/1290/653 685/1291/685 940/1288/940
f 546/1294/546 1047/1295/1047 917/1296/917
f 952/1297/952 957/1193/957 1047/1295/1047
f 1047/1283/1047 666/1298/666 954/1281/954
f 537/554/537 955/1299/955 667/1009/667
f 956/1300/956 432/866/432 804/868/804
f 663/1191/663 956/1300/956 668/964/668
f 955/1299/955 545/1301/545 953/1280/953
f 805/952/805 629/1302/629 955/1299/955
f 545/900/545 1058/1303/1058 580/1304/580
f 953/1280/953 580/1305/580 954/1274/954
f 952/1297/952 625/1306/625 956/1300/956
f 1074/1334/1074 798/734/798 1069/1335/1069
f 1054/970/1054 879/1336/879 541/1015/541
f 1063/1189/1063 605/899/605 879/1336/879
f 1039/1158/1039 1059/1337/1059 1062/1176/1062
f 605/899/605 1055/1155/1055 545/900/545
f 1059/971/1059 541/1015/541 577/1014/577
f 1061/555/1061 828/993/828 606/918/606
f 1020/1024/1020 1058/1044/1058 868/1022/868
f 828/993/828 1057/560/1057 542/1278/542
f 1067/1338/1067 734/1339/734 692/600/692
f 917/1340/917 1056/1028/1056 546/1341/546
f 1057/560/1057 824/1342/824 542/1278/542
f 606/918/606 1056/1028/1056 1061/555/1061
f 685/1273/685 1069/1335/1069 416/528/416
f 479/536/479 1068/917/1068 420/1343/420
f 478/519/478 1075/787/1075 746/1344/746
f 451/1345/451 1074/789/1074 685/1291/685
f 746/1344/746 1066/508/1066 415/797/415
f 415/797/415 1071/510/1071 451/1276/451
f 478/519/478 1067/1338/1067 1072/735/1072
f 689/526/689 1069/1335/1069 1076/733/1076
f 454/1346/454 819/566/819 820/959/820
f 787/1347/787 1068/917/1068 1077/589/1077
f 454/1348/454 1077/1349/1077 1070/587/1070
f 689/526/689 1073/529/1073 479/536/479
f 426/864/426 540/858/540 535/752/535
f 487/780/487 738/513/738 489/807/489
f 739/500/739 980/549/980 792/501/792
f 486/503/486 756/779/756 980/504/980
f 980/504/980 756/779/756 435/506/435
f 1066/508/1066 690/517/690 735/509/735
f 703/511/703 437/748/437 460/512/460
f 417/514/417 696/521/696 737/515/737
f 690/517/690 417/514/417 452/516/452
f 504/518/504 419/878/419 478/519/478
f 696/521/696 428/786/428 458/522/458
f 538/523/538 536/836/536 425/524/425
f 689/526/689 783/535/783 503/527/503
f 1073/529/1073 1076/733/1076 983/530/983
f 695/532/695 782/538/782 518/533/518
f 783/535/783 689/526/689 479/536/479
f 782/538/782 695/532/695 430/539/430
f 430/539/430 789/904/789 796/541/796
f 981/542/981 700/755/700 460/543/460
f 793/545/793 475/629/475 686/546/686
f 686/546/686 436/628/436 700/548/700
f 980/549/980 739/500/739 490/550/490
f 559/552/559 505/837/505 539/553/539
f 1061/555/1061 1056/1028/1056 926/556/926
f 927/558/927 1039/1265/1039 1062/559/1062
f 697/561/697 733/581/733 516/562/516
f 419/564/419 504/951/504 821/565/821
f 507/567/507 456/870/456 740/568/740
f 981/542/981 736/544/736 484/570/484
f 734/572/734 982/588/982 786/573/786
f 982/578/982 797/590/797 422/579/422
f 733/581/733 697/561/697 429/582/429
f 732/584/732 694/618/694 421/585/421
f 1070/587/1070 1077/1349/1077 982/588/982
f 1077/589/1077 1068/917/1068 797/590/797
f 983/530/983 798/734/798 418/591/418
f 754/531/754 983/530/983 745/592/745
f 781/594/781 937/1038/937 433/595/433
f 598/597/598 510/796/510 525/598/525
f 692/600/692 421/585/421 477/601/477
f 421/585/421 694/618/694 751/603/751
f 433/595/433 742/769/742 779/604/779
f 732/605/732 984/729/984 790/606/790
f 786/580/786 422/579/422 693/608/693
f 984/609/984 693/608/693 424/610/424
f 476/593/476 745/592/745 985/612/985
f 745/592/745 418/591/418 691/614/691
f 985/612/985 691/614/691 427/615/427
f 752/613/752 985/612/985 698/616/698
f 694/618/694 423/634/423 481/619/481
f 758/620/758 749/630/749 491/621/491
f 765/623/765 986/627/986 750/624/750
f 485/626/485 701/894/701 986/627/986
f 986/627/986 701/894/701 436/628/436
f 986/627/986 686/546/686 475/629/475
f 749/630/749 758/620/758 438/631/438
f 760/633/760 704/799/704 423/634/423
f 694/618/694 732/584/732 457/635/457
f 692/600/692 734/1339/734 453/586/453
f 984/729/984 732/605/732 453/574/453
f 735/730/735 452/757/452 687/731/687
f 1076/733/1076 1069/1335/1069 798/734/798
f 1072/735/1072 1067/1338/1067 692/600/692
f 484/736/484 736/1356/736 744/737/744
f 780/569/780 740/568/740 467/738/467
f 456/583/456 429/582/429 741/740/741
f 733/742/733 1009/903/1009 784/743/784
f 737/745/737 458/812/458 699/746/699
f 744/737/744 736/1356/736 460/512/460
f 739/749/739 758/620/758 488/622/488
f 788/751/788 426/864/426 535/752/535
f 738/754/738 460/543/460 700/755/700
f 452/757/452 737/745/737 1007/747/1007
f 758/620/758 739/749/739 459/758/459
f 467/759/467 468/765/468 508/760/508
f 511/762/511 524/778/524 519/763/519
f 740/741/740 741/740/741 468/765/468
f 472/766/472 473/834/473 523/767/523
f 742/769/742 469/808/469 508/760/508
f 474/632/474 438/631/438 459/758/459
f 489/770/489 738/754/738 1006/756/1006
f 759/772/759 489/770/489 764/771/764
f 513/520/513 778/791/778 935/774/935
f 479/536/479 420/1343/420 500/776/500
f 511/762/511 599/884/599 522/777/522
f 492/625/492 750/624/750 756/779/756
f 487/780/487 763/782/763 993/781/993
f 763/782/763 491/621/491 749/630/749
f 993/781/993 749/630/749 474/632/474
f 703/511/703 993/781/993 744/737/744
f 750/624/750 475/629/475 435/506/435
f 752/613/752 693/608/693 422/579/422
f 688/783/688 994/784/994 696/521/696
f 477/601/477 751/603/751 994/784/994
f 751/603/751 481/619/481 747/785/747
f 994/784/994 747/785/747 428/786/428
f 693/608/693 752/613/752 480/617/480
f 1075/787/1075 995/790/995 690/517/690
f 1071/788/1071 735/730/735 1008/732/1008
f 753/602/753 477/601/477 688/783/688
f 995/790/995 688/783/688 417/514/417
f 797/590/797 754/531/754 476/593/476
f 475/629/475 793/545/793 792/507/792
f 478/519/478 746/1344/746 778/791/778
f 743/792/743 471/764/471 519/763/519
f 424/610/424 480/617/480 762/794/762
f 510/796/510 472/766/472 520/768/520
f 778/791/778 746/1344/746 415/797/415
f 762/794/762 492/625/492 486/503/486
f 481/619/481 423/634/423 704/799/704
f 747/785/747 996/802/996 757/801/757
f 481/619/481 761/800/761 996/802/996
f 996/802/996 761/800/761 491/621/491
f 996/802/996 763/782/763 487/780/487
f 704/799/704 760/633/760 490/750/490
f 428/786/428 757/801/757 759/803/759
f 1072/735/1072 753/602/753 995/790/995
f 761/800/761 704/799/704 488/622/488
f 500/776/500 432/1357/432 482/804/482
f 480/617/480 698/616/698 997/805/997
f 698/616/698 427/615/427 755/806/755
f 997/805/997 755/806/755 485/626/485
f 997/805/997 765/623/765 492/625/492
f 757/801/757 487/780/487 489/807/489
f 509/761/509 508/760/508 469/808/469
f 760/810/760 998/860/998 794/551/794
f 790/611/790 424/610/424 702/795/702
f 702/795/702 486/503/486 794/505/794
f 458/812/458 759/772/759 1005/773/1005
f 504/518/504 513/520/513 483/775/483
f 935/774/935 778/791/778 499/798/499
f 506/596/506 779/604/779 741/740/741
f 515/563/515 516/562/516 473/834/473
f 781/594/781 697/561/697 515/563/515
f 779/604/779 508/760/508 468/765/468
f 536/836/536 539/553/539 505/837/505
f 585/838/585 507/567/507 780/569/780
f 934/839/934 780/569/780 509/739/509
f 434/841/434 502/540/502 796/541/796
f 501/856/501 560/873/560 665/857/665
f 697/561/697 781/594/781 506/596/506
f 517/835/517 515/563/515 472/766/472
f 782/538/782 936/861/936 642/859/642
f 998/860/998 760/810/760 457/607/457
f 936/861/936 782/538/782 502/540/502
f 783/535/783 748/863/748 431/862/431
f 793/571/793 484/570/484 459/502/459
f 748/863/748 783/535/783 512/537/512
f 519/763/519 524/778/524 501/856/501
f 514/534/514 518/533/518 511/762/511
f 520/768/520 523/767/523 455/525/455
f 641/865/641 517/835/517 510/796/510
f 432/866/432 500/953/500 822/867/822
f 507/567/507 796/880/796 789/869/789
f 525/598/525 520/768/520 425/524/425
f 516/744/516 784/743/784 743/871/743
f 524/778/524 522/777/522 560/873/560
f 523/874/523 785/883/785 788/875/788
f 1070/877/1070 1067/1338/1067 419/878/419
f 521/599/521 525/598/525 505/837/505
f 796/880/796 507/567/507 585/838/585
f 784/882/784 514/534/514 471/764/471
f 473/872/473 743/871/743 785/883/785
f 599/884/599 642/859/642 645/885/645
f 427/615/427 699/1358/699 1005/890/1005
f 1005/890/1005 764/893/764 485/626/485
f 455/876/455 788/875/788 823/891/823
f 764/893/764 1006/895/1006 701/894/701
f 1006/895/1006 700/548/700 436/628/436
f 687/896/687 1007/897/1007 691/614/691
f 1007/897/1007 699/1358/699 427/615/427
f 629/898/629 638/1196/638 605/899/605
f 1008/901/1008 687/896/687 418/591/418
f 514/534/514 784/882/784 1009/902/1009
f 1009/903/1009 733/742/733 456/870/456
f 695/532/695 1009/902/1009 789/904/789
f 787/914/787 454/1359/454 820/915/820
f 1073/529/1073 754/531/754 797/590/797
f 1017/916/1017 820/915/820 538/892/538
f 606/918/606 828/993/828 913/919/913
f 420/945/420 787/1362/787 1017/946/1017
f 646/948/646 596/1171/596 876/949/876
f 818/947/818 1017/946/1017 823/753/823
f 804/868/804 822/867/822 540/858/540
f 504/951/504 558/1363/558 805/952/805
f 819/566/819 821/565/821 539/553/539
f 500/953/500 420/945/420 818/947/818
f 1022/954/1022 916/1023/916 579/955/579
f 821/565/821 805/952/805 537/554/537
f 433/595/433 937/1038/937 911/957/911
f 820/959/820 819/566/819 536/836/536
f 843/960/843 872/980/872 587/961/587
f 822/867/822 818/947/818 535/752/535
f 552/963/552 663/1191/663 668/964/668
f 873/966/873 586/1244/586 921/967/921
f 869/969/869 829/983/829 1054/970/1054
f 1018/972/1018 921/1190/921 561/973/561
f 1018/972/1018 888/974/888 611/975/611
f 835/977/835 871/989/871 584/978/584
f 872/980/872 843/960/843 612/981/612
f 829/983/829 869/969/869 578/984/578
f 551/986/551 664/1240/664 666/987/666
f 871/989/871 835/977/835 543/985/543
f 831/990/831 885/1188/885 604/991/604
f 828/993/828 542/1278/542 628/994/628
f 556/995/556 834/999/834 912/996/912
f 925/998/925 919/1267/919 556/995/556
f 834/999/834 639/1246/639 645/885/645
f 587/1000/587 840/1168/840 1019/1001/1019
f 1018/968/1018 923/1213/923 615/1003/615
f 840/1004/840 562/1066/562 825/1005/825
f 922/1007/922 1019/1006/1019 825/1005/825
f 667/1009/667 630/1239/630 559/552/559
f 555/1010/555 836/1032/836 867/1011/867
f 624/1013/624 651/1016/651 577/1014/577
f 651/1016/651 624/1013/624 557/833/557
f 1019/1001/1019 922/1245/922 609/1018/609
f 594/1019/594 874/1152/874 910/1020/910
f 868/1022/868 579/955/579 916/1023/916
f 1020/1025/1020 916/1051/916 548/1026/548
f 1065/1027/1065 1020/1025/1020 926/556/926
f 583/1029/583 866/1142/866 833/1030/833
f 836/1032/836 640/1238/640 643/1033/643
f 886/557/886 603/1052/603 878/1034/878
f 878/1034/878 544/1058/544 927/558/927
f 1064/1036/1064 1021/1035/1021 927/558/927
f 650/1037/650 635/1197/635 598/597/598
f 937/1038/937 641/865/641 644/1039/644
f 608/1040/608 549/1031/549 833/1030/833
f 1065/1042/1065 917/1364/917 580/1043/580
f 633/1045/633 469/808/469 742/769/742
f 866/956/866 583/1205/583 920/1047/920
f 1022/1048/1022 920/1216/920 550/1049/550
f 916/1051/916 1022/1048/1022 832/1050/832
f 603/1052/603 884/1054/884 1023/1053/1023
f 884/1054/884 607/1183/607 837/1055/837
f 1023/1053/1023 837/1055/837 553/1056/553
f 1023/1053/1023 830/1057/830 544/1058/544
f 564/1059/564 890/1072/890 881/1060/881
f 883/1041/883 833/1030/833 547/992/547
f 882/1062/882 1024/1065/1024 897/1063/897
f 602/1008/602 825/1005/825 1024/1065/1024
f 1024/1065/1024 825/1005/825 562/1066/562
f 1024/1065/1024 841/1067/841 610/1068/610
f 615/1069/615 892/1203/892 844/1070/844
f 890/1072/890 613/1071/613 616/1073/616
f 579/1141/579 868/1249/868 831/990/831
f 866/1142/866 579/1141/579 547/992/547
f 914/1143/914 1040/1146/1040 867/1144/867
f 1040/1146/1040 919/1247/919 582/1147/582
f 1061/555/1061 886/557/886 1021/1035/1021
f 587/961/587 870/1365/870 877/1148/877
f 595/1149/595 875/1175/875 874/1150/874
f 874/1152/874 582/1147/582 632/1153/632
f 1060/1154/1060 885/1188/885 831/990/831
f 826/1156/826 578/1162/578 869/1157/869
f 518/533/518 642/859/642 599/884/599
f 586/1159/586 873/1170/873 890/1072/890
f 877/1148/877 870/1365/870 609/1160/609
f 1038/1161/1038 871/1164/871 578/1162/578
f 838/1163/838 584/1214/584 871/1164/871
f 1037/1165/1037 872/1169/872 614/1166/614
f 840/1168/840 587/1000/587 872/1169/872
f 594/1151/594 634/1211/634 633/1045/633
f 873/1170/873 615/1069/615 613/1071/613
f 646/948/646 649/1180/649 636/886/636
f 597/1172/597 647/1198/647 648/1173/648
f 875/1175/875 555/1010/555 582/1012/582
f 586/1159/586 564/1059/564 601/1061/601
f 909/1046/909 742/769/742 433/595/433
f 1062/1176/1062 1059/1337/1059 577/1177/577
f 624/1013/624 908/1194/908 935/774/935
f 625/1179/625 546/1341/546 606/918/606
f 522/777/522 599/884/599 636/886/636
f 561/973/561 602/1008/602 882/1062/882
f 612/981/612 843/960/843 1027/1181/1027
f 843/960/843 563/962/563 877/1148/877
f 1027/1181/1027 877/1148/877 601/1061/601
f 895/1182/895 1027/1181/1027 881/1060/881
f 607/1183/607 884/1054/884 832/1050/832
f 888/974/888 882/1062/882 617/1064/617
f 835/977/835 1028/1185/1028 827/1184/827
f 554/979/554 880/1186/880 1028/1185/1028
f 880/1186/880 608/1040/608 883/1041/883
f 1028/1185/1028 883/1041/883 604/991/604
f 603/1052/603 886/557/886 926/556/926
f 884/1054/884 603/1052/603 548/1026/548
f 543/985/543 827/1184/827 1029/1187/1029
f 827/1184/827 604/991/604 885/1188/885
f 1029/1187/1029 885/1188/885 1060/1154/1060
f 921/1190/921 922/1007/922 602/1008/602
f 663/1191/663 552/963/552 918/1192/918
f 541/1015/541 879/1336/879 908/1194/908
f 894/1195/894 842/1200/842 611/975/611
f 908/1194/908 879/1336/879 605/899/605
f 635/1197/635 650/1037/650 647/1198/647
f 613/1071/613 844/1070/844 893/1199/893
f 894/1195/894 607/1183/607 550/1049/550
f 889/1201/889 1030/1202/1030 880/1186/880
f 612/981/612 895/1182/895 1030/1202/1030
f 1030/1202/1030 895/1182/895 616/1073/616
f 1030/1202/1030 893/1199/893 608/1040/608
f 889/1201/889 891/1212/891 614/982/614
f 892/1203/892 583/1029/583 549/1031/549
f 1032/1204/1032 920/1047/920 583/1205/583
f 896/1167/896 614/1166/614 891/1207/891
f 482/804/482 432/1357/432 625/1179/625
f 844/1070/844 549/1031/549 608/1040/608
f 607/1183/607 894/1195/894 1031/1209/1031
f 617/1064/617 897/1063/897 1031/1209/1031
f 1031/1209/1031 897/1063/897 610/1068/610
f 837/1055/837 1031/1209/1031 887/1210/887
f 634/1211/634 470/809/470 469/808/469
f 891/1212/891 889/1201/889 554/979/554
f 892/1206/892 615/1003/615 923/1213/923
f 1036/1208/1036 891/1207/891 584/1214/584
f 923/976/923 611/975/611 842/1200/842
f 920/1216/920 1032/1215/1032 842/1200/842
f 935/774/935 908/1194/908 638/1196/638
f 629/898/629 558/832/558 483/775/483
f 595/1149/595 633/1045/633 909/1046/909
f 640/1238/640 597/1172/597 600/1174/600
f 631/958/631 911/957/911 836/1032/836
f 630/1239/630 667/1009/667 664/1240/664
f 875/1175/875 909/1046/909 631/958/631
f 634/1021/634 910/1020/910 934/839/934
f 925/998/925 627/997/627 434/841/434
f 910/1020/910 632/1153/632 585/838/585
f 665/857/665 560/873/560 626/965/626
f 644/1039/644 635/1197/635 597/1172/597
f 911/957/911 644/1039/644 640/1238/640
f 785/793/785 519/763/519 426/864/426
f 627/997/627 912/996/912 936/861/936
f 637/920/637 913/919/913 748/863/748
f 912/996/912 645/885/645 642/859/642
f 913/919/913 628/994/628 431/862/431
f 586/1244/586 609/1018/609 922/1245/922
f 646/948/646 552/963/552 626/965/626
f 639/1246/639 596/1171/596 636/886/636
f 647/1198/647 551/986/551 581/988/581
f 635/1197/635 644/1039/644 641/865/641
f 919/1247/919 925/1366/925 632/1153/632
f 650/1037/650 630/1239/630 551/986/551
f 596/1171/596 639/1246/639 914/1248/914
f 560/873/560 522/777/522 649/1180/649
f 552/963/552 646/948/646 915/950/915
f 868/1249/868 1058/1303/1058 1055/1155/1055
f 630/1239/630 650/1037/650 521/599/521
f 632/1153/632 925/1366/925 791/881/791
f 648/1250/648 581/1263/581 918/1251/918
f 643/1145/643 600/1258/600 876/1253/876
f 887/1210/887 1036/1257/1036 838/1256/838
f 610/1068/610 896/1259/896 1036/1257/1036
f 600/1258/600 648/1250/648 915/1252/915
f 841/1067/841 1037/1260/1037 896/1259/896
f 562/1066/562 840/1004/840 1037/1260/1037
f 830/1057/830 1038/1262/1038 826/1261/826
f 553/1056/553 838/1256/838 1038/1262/1038
f 581/1263/581 666/1298/666 957/1264/957
f 829/983/829 1029/1187/1029 1063/1189/1063
f 544/1058/544 826/1261/826 1039/1265/1039
f 639/1246/639 834/999/834 1040/1266/1040
f 834/999/834 556/995/556 919/1267/919
f 416/528/416 503/527/503 940/1272/940
f 664/1240/664 953/1280/953 954/1274/954
f 557/833/557 499/798/499 653/1275/653
f 499/798/499 415/797/415 451/1276/451
f 628/994/628 938/1279/938 939/1277/939
f 542/1278/542 824/1342/824 938/1279/938
f 503/527/503 431/862/431 939/1277/939
f 668/964/668 956/1300/956 804/868/804
f 667/1009/667 955/1299/955 953/1280/953
f 937/1038/937 781/594/781 517/835/517
f 954/1281/954 580/1367/580 917/1282/917
f 824/1178/824 577/1177/577 651/1284/651
f 938/1285/938 651/1284/651 652/1286/652
f 940/1288/940 939/1368/939 652/1289/652
f 653/1290/653 451/1345/451 685/1291/685
f 546/1294/546 952/1297/952 1047/1295/1047
f 952/1297/952 663/1191/663 957/1193/957
f 1047/1283/1047 957/1264/957 666/1298/666
f 537/554/537 805/952/805 955/1299/955
f 956/1300/956 625/1306/625 432/866/432
f 663/1191/663 952/1297/952 956/1300/956
f 955/1299/955 629/1302/629 545/1301/545
f 805/952/805 558/1363/558 629/1302/629
f 545/900/545 1055/1155/1055 1058/1303/1058
f 953/1280/953 545/1301/545 580/1305/580
f 952/1297/952 546/1294/546 625/1306/625
f 1074/1334/1074 1008/901/1008 798/734/798
f 1054/970/1054 1063/1189/1063 879/1336/879
f 1063/1189/1063 1060/1154/1060 605/899/605
f 1039/1158/1039 869/1157/869 1059/1337/1059
f 605/899/605 1060/1154/1060 1055/1155/1055
f 1059/971/1059 1054/970/1054 541/1015/541
f 1061/555/1061 1064/1036/1064 828/993/828
f 1020/1024/1020 1065/1042/1065 1058/1044/1058
f 828/993/828 1064/1036/1064 1057/560/1057
f 1067/1338/1067 1070/877/1070 734/1339/734
f 917/1340/917 1065/1027/1065 1056/1028/1056
f 1057/560/1057 1062/559/1062 824/1342/824
f 606/918/606 546/1341/546 1056/1028/1056
f 685/1273/685 1074/1334/1074 1069/1335/1069
f 479/536/479 1073/529/1073 1068/917/1068
f 478/519/478 1072/735/1072 1075/787/1075
f 451/1345/451 1071/788/1071 1074/789/1074
f 746/1344/746 1075/787/1075 1066/508/1066
f 415/797/415 1066/508/1066 1071/510/1071
f 478/519/478 419/878/419 1067/1338/1067
f 689/526/689 416/528/416 1069/1335/1069
f 454/1346/454 419/564/419 819/566/819
f 787/1347/787 420/1343/420 1068/917/1068
f 454/1348/454 787/1369/787 1077/1349/1077
f 689/526/689 1076/733/1076 1073/529/1073
f 426/864/426 501/856/501 540/858/540
f 487/780/487 703/511/703 738/513/738
g body
usemtl body
f 118/1/118 234/2/234 117/3/117
f 229/4/229 112/5/112 111/6/111
f 233/7/233 120/8/120 119/9/119
f 208/10/208 104/11/104 95/12/95
f 111/6/111 103/13/103 104/11/104
f 2/14/2 110/15/110 24/16/24
f 25/17/25 231/18/231 110/15/110
f 112/5/112 4/19/4 103/13/103
f 114/20/114 329/21/329 330/22/330
f 408/23/408 230/24/230 373/25/373
f 108/26/108 314/27/314 99/28/99
f 103/13/103 329/21/329 104/11/104
f 4/19/4 330/22/330 103/13/103
f 354/29/354 113/30/113 202/31/202
f 115/32/115 291/33/291 292/34/292
f 24/16/24 331/35/331 332/36/332
f 330/22/330 30/37/30 114/20/114
f 113/30/113 116/38/116 115/32/115
f 291/33/291 8/39/8 105/40/105
f 107/41/107 293/42/293 108/26/108
f 23/43/23 206/44/206 102/45/102
f 315/46/315 106/47/106 97/48/97
f 114/20/114 31/49/31 116/38/116
f 292/34/292 105/40/105 106/47/106
f 125/50/125 240/51/240 127/52/127
f 119/9/119 99/28/99 200/53/200
f 119/9/119 107/41/107 108/26/108
f 8/39/8 118/1/118 105/40/105
f 318/54/318 133/55/133 295/56/295
f 35/57/35 235/58/235 118/1/118
f 120/8/120 6/59/6 107/41/107
f 115/32/115 202/31/202 113/30/113
f 353/60/353 45/61/45 96/62/96
f 111/6/111 280/63/280 229/4/229
f 109/64/109 279/65/279 206/44/206
f 2/14/2 332/36/332 321/66/321
f 294/67/294 121/68/121 293/42/293
f 41/69/41 124/70/124 122/71/122
f 283/72/283 122/71/122 294/67/294
f 122/71/122 123/73/123 121/68/121
f 4/19/4 333/74/333 319/75/319
f 373/76/373 232/77/232 229/4/229
f 97/48/97 117/3/117 198/78/198
f 351/79/351 94/80/94 348/81/348
f 126/82/126 239/83/239 238/84/238
f 127/52/127 242/85/242 129/86/129
f 128/87/128 241/88/241 239/83/239
f 121/68/121 196/89/196 194/90/194
f 17/91/17 125/50/125 65/92/65
f 176/93/176 226/94/226 263/95/263
f 81/96/81 237/97/237 125/50/125
f 16/98/16 126/82/126 82/99/82
f 64/100/64 128/87/128 126/82/126
f 63/101/63 130/102/130 128/87/128
f 62/103/62 76/104/76 130/102/130
f 175/105/175 225/106/225 81/96/81
f 287/107/287 29/108/29 301/109/301
f 67/110/67 75/111/75 18/112/18
f 66/113/66 129/86/129 67/110/67
f 65/92/65 127/52/127 66/113/66
f 132/114/132 244/115/244 131/116/131
f 26/117/26 355/118/355 333/74/333
f 255/119/255 39/120/39 168/121/168
f 31/49/31 296/122/296 281/123/281
f 243/124/243 134/125/134 133/55/133
f 334/126/334 2/14/2 321/66/321
f 34/127/34 248/128/248 139/129/139
f 232/77/232 26/117/26 112/5/112
f 88/130/88 336/131/336 335/132/335
f 30/37/30 131/116/131 31/49/31
f 295/56/295 41/69/41 283/72/283
f 40/133/40 256/134/256 167/135/167
f 236/136/236 36/137/36 120/8/120
f 89/138/89 327/139/327 336/131/336
f 298/140/298 137/141/137 297/142/297
f 22/143/22 338/144/338 21/145/21
f 136/146/136 137/141/137 135/147/135
f 137/141/137 289/148/289 297/142/297
f 143/149/143 337/150/337 141/151/141
f 71/152/71 247/153/247 140/154/140
f 168/121/168 224/155/224 255/119/255
f 147/156/147 252/157/252 149/158/149
f 143/149/143 84/159/84 83/160/83
f 131/116/131 317/161/317 296/122/296
f 32/162/32 34/127/34 139/129/139
f 139/129/139 19/163/19 32/162/32
f 152/164/152 222/165/222 253/166/253
f 145/167/145 37/168/37 146/169/146
f 138/170/138 79/171/79 137/141/137
f 299/172/299 144/173/144 142/174/142
f 133/55/133 42/175/42 41/69/41
f 300/176/300 17/91/17 290/177/290
f 141/151/141 144/173/144 143/149/143
f 338/144/338 83/160/83 328/178/328
f 5/179/5 339/180/339 320/181/320
f 21/145/21 170/182/170 22/143/22
f 32/162/32 325/183/325 339/180/339
f 340/184/340 60/185/60 341/186/341
f 322/187/322 165/188/165 346/189/346
f 301/109/301 38/190/38 145/167/145
f 301/109/301 74/191/74 287/107/287
f 78/192/78 346/189/346 165/188/165
f 148/193/148 251/194/251 250/195/250
f 149/158/149 254/196/254 151/197/151
f 150/198/150 253/166/253 251/194/251
f 282/199/282 29/108/29 3/200/3
f 13/201/13 147/156/147 59/202/59
f 172/203/172 228/204/228 259/205/259
f 85/206/85 249/207/249 147/156/147
f 20/208/20 148/193/148 86/209/86
f 70/210/70 150/198/150 148/193/148
f 69/211/69 152/164/152 150/198/150
f 68/212/68 72/213/72 152/164/152
f 167/135/167 223/214/223 76/104/76
f 61/215/61 71/152/71 14/216/14
f 60/185/60 151/197/151 61/215/61
f 59/202/59 149/158/149 60/185/60
f 146/169/146 74/191/74 145/167/145
f 341/186/341 61/215/61 342/217/342
f 154/218/154 155/219/155 153/220/153
f 13/201/13 340/184/340 327/139/327
f 79/171/79 304/221/304 289/148/289
f 156/222/156 157/223/157 155/219/155
f 342/217/342 14/216/14 326/224/326
f 343/225/343 69/211/69 70/210/70
f 80/226/80 153/220/153 79/171/79
f 157/223/157 288/227/288 302/228/302
f 155/219/155 302/228/302 303/229/303
f 153/220/153 303/229/303 304/221/304
f 343/225/343 161/230/161 344/231/344
f 158/232/158 77/233/77 157/223/157
f 161/230/161 345/234/345 344/231/344
f 159/235/159 162/236/162 161/230/161
f 345/234/345 19/163/19 68/212/68
f 328/178/328 159/235/159 343/225/343
f 161/230/161 164/237/164 163/238/163
f 290/177/290 65/92/65 305/239/305
f 305/239/305 66/113/66 306/240/306
f 306/240/306 67/110/67 307/241/307
f 307/241/307 18/112/18 287/107/287
f 83/160/83 160/242/160 159/235/159
f 163/238/163 325/183/325 345/234/345
f 346/189/346 7/243/7 322/187/322
f 20/208/20 343/225/343 70/210/70
f 344/231/344 68/212/68 69/211/69
f 163/238/163 74/191/74 73/244/73
f 43/245/43 308/246/308 166/247/166
f 166/247/166 44/248/44 43/245/43
f 308/246/308 77/233/77 166/247/166
f 168/121/168 3/200/3 29/108/29
f 18/112/18 168/121/168 29/108/29
f 172/203/172 258/249/258 170/182/170
f 387/250/387 248/128/248 212/251/212
f 218/252/218 173/253/173 53/254/53
f 167/135/167 1/255/1 40/133/40
f 167/135/167 15/256/15 92/257/92
f 129/86/129 224/155/224 75/111/75
f 130/102/130 223/214/223 241/88/241
f 386/258/386 221/259/221 388/260/388
f 261/261/261 175/105/175 173/253/173
f 176/93/176 262/262/262 174/263/174
f 169/264/169 89/138/89 88/130/88
f 172/203/172 20/208/20 86/209/86
f 268/265/268 199/266/199 184/267/184
f 86/209/86 250/195/250 228/204/228
f 171/268/171 13/201/13 89/138/89
f 90/269/90 174/263/174 91/270/91
f 297/142/297 91/270/91 298/140/298
f 217/271/217 183/272/183 54/273/54
f 173/253/173 28/274/28 27/275/27
f 90/269/90 82/99/82 176/93/176
f 171/268/171 227/276/227 85/206/85
f 82/99/82 238/84/238 226/94/226
f 28/274/28 81/96/81 17/91/17
f 395/277/395 260/278/260 257/279/257
f 350/280/350 46/281/46 45/61/45
f 179/282/179 51/283/51 177/284/177
f 177/284/177 285/285/285 309/286/309
f 93/287/93 323/288/323 347/289/347
f 309/286/309 178/290/178 177/284/177
f 177/284/177 180/291/180 179/282/179
f 354/29/354 96/62/96 95/12/95
f 98/292/98 182/293/182 47/294/47
f 48/295/48 53/296/53 11/297/11
f 57/298/57 269/299/269 220/300/220
f 266/301/266 184/267/184 183/272/183
f 182/293/182 265/302/265 181/303/181
f 270/304/270 58/305/58 219/306/219
f 54/273/54 50/307/50 12/308/12
f 47/294/47 181/303/181 48/295/48
f 184/267/184 100/309/100 49/310/49
f 205/311/205 271/312/271 190/313/190
f 335/132/335 9/314/9 88/130/88
f 183/272/183 49/310/49 50/307/50
f 349/315/349 55/316/55 324/317/324
f 220/318/220 169/264/169 57/319/57
f 174/263/174 217/320/217 54/321/54
f 178/290/178 195/322/195 180/291/180
f 350/280/350 185/323/185 349/315/349
f 352/324/352 101/325/101 351/79/351
f 185/323/185 56/326/56 55/316/55
f 187/327/187 286/328/286 56/326/56
f 46/281/46 324/317/324 10/329/10
f 353/60/353 186/330/186 350/280/350
f 186/330/186 187/327/187 185/323/185
f 316/331/316 47/294/47 311/332/311
f 101/325/101 190/313/190 94/80/94
f 311/332/311 48/295/48 312/333/312
f 165/188/165 77/233/77 78/192/78
f 12/308/12 309/286/309 285/285/285
f 270/304/270 192/334/192 191/335/191
f 190/313/190 269/299/269 189/336/189
f 273/337/273 200/53/200 199/266/199
f 191/335/191 10/329/10 58/305/58
f 94/80/94 189/336/189 93/287/93
f 192/334/192 96/62/96 45/61/45
f 49/310/49 313/338/313 310/339/310
f 272/340/272 207/341/207 192/334/192
f 400/342/400 273/337/273 268/265/268
f 191/335/191 45/61/45 46/281/46
f 401/343/401 266/301/266 217/271/217
f 151/197/151 221/259/221 71/152/71
f 170/182/170 219/344/219 58/345/58
f 331/35/331 102/45/102 352/324/352
f 194/90/194 313/338/313 314/27/314
f 97/48/97 197/346/197 98/292/98
f 206/44/206 278/347/278 205/311/205
f 277/348/277 208/10/208 207/341/207
f 199/266/199 99/28/99 100/309/100
f 119/9/119 276/349/276 233/7/233
f 354/29/354 201/350/201 353/60/353
f 196/89/196 193/351/193 194/90/194
f 329/21/329 95/12/95 104/11/104
f 204/352/204 316/331/316 203/353/203
f 201/350/201 188/354/188 186/330/186
f 100/309/100 314/27/314 313/338/313
f 207/341/207 95/12/95 96/62/96
f 405/355/405 276/349/276 273/337/273
f 57/319/57 88/130/88 9/314/9
f 10/356/10 337/150/337 22/143/22
f 323/357/323 136/146/136 52/358/52
f 202/31/202 203/353/203 201/350/201
f 298/140/298 12/359/12 285/360/285
f 91/270/91 54/321/54 12/359/12
f 53/254/53 27/275/27 11/361/11
f 286/362/286 142/174/142 56/363/56
f 136/146/136 51/364/51 52/358/52
f 410/365/410 210/366/210 375/367/375
f 58/345/58 22/143/22 170/182/170
f 376/368/376 236/136/236 233/7/233
f 374/369/374 209/370/209 375/371/375
f 406/372/406 234/2/234 376/373/376
f 110/15/110 230/24/230 109/64/109
f 377/374/377 213/375/213 378/376/378
f 117/3/117 275/377/275 198/78/198
f 380/378/380 237/97/237 379/379/379
f 381/380/381 240/51/240 380/378/380
f 379/379/379 225/106/225 382/381/382
f 383/382/383 241/88/241 223/214/223
f 56/363/56 141/151/141 55/383/55
f 25/17/25 356/384/356 209/370/209
f 409/385/409 243/124/243 318/54/318
f 393/386/393 216/387/216 394/388/394
f 383/389/383 255/119/255 224/155/224
f 390/390/390 249/207/249 389/391/389
f 391/392/391 252/157/252 390/390/390
f 389/391/389 227/276/227 392/393/392
f 388/394/388 253/166/253 222/165/222
f 247/153/247 33/395/33 140/154/140
f 248/128/248 72/213/72 139/129/139
f 397/396/397 264/397/264 261/261/261
f 396/398/396 228/204/228 392/399/392
f 257/279/257 171/268/171 169/264/169
f 382/400/382 263/95/263 226/94/226
f 402/401/402 219/306/219 404/402/404
f 400/342/400 266/301/266 399/403/399
f 403/404/403 277/348/277 272/340/272
f 181/303/181 218/405/218 53/296/53
f 402/401/402 272/340/272 270/304/270
f 197/346/197 267/406/267 182/293/182
f 407/407/407 280/63/280 277/348/277
f 198/78/198 274/408/274 197/346/197
f 404/409/404 257/279/257 220/318/220
f 401/410/401 261/261/261 218/252/218
f 378/411/378 318/54/318 214/412/214
f 11/361/11 299/172/299 286/362/286
f 135/147/135 285/360/285 51/364/51
f 102/45/102 205/311/205 101/325/101
f 292/34/292 204/352/204 115/32/115
f 315/46/315 98/292/98 316/331/316
f 203/353/203 311/332/311 188/354/188
f 9/413/9 189/336/189 57/298/57
f 188/354/188 312/333/312 187/327/187
f 50/307/50 310/339/310 309/286/309
f 312/333/312 11/297/11 286/328/286
f 348/81/348 93/287/93 347/289/347
f 87/414/87 326/224/326 14/216/14
f 164/237/164 287/107/287 74/191/74
f 162/236/162 307/241/307 164/237/164
f 160/242/160 306/240/306 162/236/162
f 84/159/84 305/239/305 160/242/160
f 304/221/304 63/101/63 64/100/64
f 303/229/303 62/103/62 63/101/63
f 302/228/302 15/256/15 62/103/62
f 289/148/289 64/100/64 16/98/16
f 92/257/92 284/415/284 1/255/1
f 92/257/92 288/227/288 308/246/308
f 144/173/144 290/177/290 84/159/84
f 21/145/21 328/178/328 20/208/20
f 296/122/296 213/375/213 35/57/35
f 27/275/27 300/176/300 299/172/299
f 297/142/297 16/98/16 90/269/90
f 295/56/295 6/59/6 36/137/36
f 8/39/8 296/122/296 35/57/35
f 6/59/6 294/67/294 107/41/107
f 214/412/214 295/56/295 36/137/36
f 105/40/105 117/3/117 106/47/106
f 116/38/116 281/123/281 291/33/291
f 180/291/180 351/79/351 348/81/348
f 123/73/123 352/324/352 196/89/196
f 195/322/195 352/324/352 351/79/351
f 347/289/347 52/416/52 179/282/179
f 339/180/339 73/244/73 146/169/146
f 320/181/320 146/169/146 37/168/37
f 335/132/335 138/170/138 136/146/136
f 385/417/385 356/384/356 246/418/246
f 141/151/141 324/419/324 55/383/55
f 24/16/24 109/64/109 23/43/23
f 293/42/293 194/90/194 314/27/314
f 179/282/179 348/81/348 347/289/347
f 14/216/14 140/154/140 87/414/87
f 158/232/158 326/224/326 78/192/78
f 327/139/327 154/218/154 80/226/80
f 156/222/156 342/217/342 158/232/158
f 340/184/340 156/222/156 154/218/154
f 336/131/336 80/226/80 138/170/138
f 134/125/134 321/66/321 42/175/42
f 319/75/319 132/114/132 30/37/30
f 333/74/333 245/420/245 132/114/132
f 246/418/246 334/126/334 134/125/134
f 42/175/42 332/36/332 124/70/124
f 87/414/87 33/395/33 7/243/7
f 124/70/124 331/35/331 123/73/123
f 193/351/193 310/339/310 313/338/313
f 384/421/384 246/418/246 243/124/243
f 3/422/3 357/423/357 282/424/282
f 39/425/39 361/426/361 357/423/357
f 216/427/216 411/428/411 394/429/394
f 40/430/40 365/431/365 216/427/216
f 1/432/1 369/433/369 40/430/40
f 282/424/282 358/434/358 38/435/38
f 357/423/357 362/436/362 358/434/358
f 365/431/365 412/437/412 411/428/411
f 369/433/369 366/438/366 365/431/365
f 284/439/284 370/440/370 369/433/369
f 38/435/38 359/441/359 37/442/37
f 362/436/362 359/441/359 358/434/358
f 412/437/412 367/443/367 413/444/413
f 366/438/366 371/445/371 367/443/367
f 43/446/43 371/445/371 370/440/370
f 359/441/359 320/447/320 37/442/37
f 363/448/363 360/449/360 359/441/359
f 413/444/413 368/450/368 414/451/414
f 367/443/367 372/452/372 368/450/368
f 371/445/371 322/453/322 372/452/372
f 360/449/360 5/454/5 320/447/320
f 364/455/364 34/456/34 360/449/360
f 414/451/414 211/457/211 387/458/387
f 368/450/368 33/459/33 211/457/211
f 372/452/372 7/460/7 33/459/33
f 414/461/414 212/462/212 364/455/364
f 413/463/413 364/455/364 363/448/363
f 412/464/412 363/448/363 362/436/362
f 361/426/361 412/464/412 362/436/362
f 215/465/215 411/466/411 361/426/361
f 245/420/245 384/467/384 244/115/244
f 355/118/355 385/468/385 245/420/245
f 317/161/317 378/376/378 213/375/213
f 262/262/262 401/469/401 217/320/217
f 258/249/258 404/470/404 219/344/219
f 279/65/279 407/471/407 278/347/278
f 271/312/271 402/472/402 269/299/269
f 278/347/278 403/473/403 271/312/271
f 265/302/265 400/474/400 399/475/399
f 220/300/220 402/472/402 404/476/404
f 264/397/264 382/381/382 225/106/225
f 227/276/227 396/477/396 392/393/392
f 263/95/263 397/478/397 262/262/262
f 254/196/254 388/260/388 221/259/221
f 228/204/228 389/479/389 392/399/392
f 251/194/251 391/480/391 390/481/390
f 250/195/250 390/481/390 389/479/389
f 256/134/256 383/382/383 223/214/223
f 215/482/215 393/483/393 394/484/394
f 244/115/244 409/485/409 317/161/317
f 242/85/242 383/389/383 224/155/224
f 226/94/226 379/486/379 382/400/382
f 239/83/239 381/487/381 380/488/380
f 238/84/238 380/488/380 379/486/379
f 214/412/214 377/489/377 378/411/378
f 233/7/233 406/490/406 376/368/376
f 210/366/210 374/491/374 375/367/375
f 235/58/235 376/373/376 234/2/234
f 209/370/209 410/492/410 375/371/375
f 275/377/275 405/493/405 274/408/274
f 265/302/265 401/494/401 218/405/218
f 274/408/274 400/474/400 267/406/267
f 259/205/259 395/495/395 258/249/258
f 222/165/222 386/496/386 388/394/388
f 247/153/247 387/497/387 211/498/211
f 231/18/231 373/25/373 230/24/230
f 229/4/229 408/499/408 373/76/373
f 118/1/118 235/58/235 234/2/234
f 229/4/229 232/77/232 112/5/112
f 233/7/233 236/136/236 120/8/120
f 208/10/208 111/6/111 104/11/104
f 111/6/111 112/5/112 103/13/103
f 2/14/2 25/17/25 110/15/110
f 25/17/25 209/370/209 231/18/231
f 112/5/112 26/117/26 4/19/4
f 114/20/114 113/30/113 329/21/329
f 408/23/408 279/65/279 230/24/230
f 108/26/108 293/42/293 314/27/314
f 103/13/103 330/22/330 329/21/329
f 4/19/4 319/75/319 330/22/330
f 354/29/354 329/21/329 113/30/113
f 115/32/115 116/38/116 291/33/291
f 24/16/24 23/43/23 331/35/331
f 330/22/330 319/75/319 30/37/30
f 113/30/113 114/20/114 116/38/116
f 291/33/291 281/123/281 8/39/8
f 107/41/107 294/67/294 293/42/293
f 23/43/23 109/64/109 206/44/206
f 315/46/315 292/34/292 106/47/106
f 114/20/114 30/37/30 31/49/31
f 292/34/292 291/33/291 105/40/105
f 125/50/125 237/97/237 240/51/240
f 119/9/119 108/26/108 99/28/99
f 119/9/119 120/8/120 107/41/107
f 8/39/8 35/57/35 118/1/118
f 318/54/318 243/124/243 133/55/133
f 35/57/35 213/375/213 235/58/235
f 120/8/120 36/137/36 6/59/6
f 115/32/115 204/352/204 202/31/202
f 353/60/353 350/280/350 45/61/45
f 111/6/111 208/10/208 280/63/280
f 109/64/109 230/24/230 279/65/279
f 2/14/2 24/16/24 332/36/332
f 294/67/294 122/71/122 121/68/121
f 41/69/41 42/175/42 124/70/124
f 283/72/283 41/69/41 122/71/122
f 122/71/122 124/70/124 123/73/123
f 4/19/4 26/117/26 333/74/333
f 373/76/373 374/491/374 232/77/232
f 97/48/97 106/47/106 117/3/117
f 351/79/351 101/325/101 94/80/94
f 126/82/126 128/87/128 239/83/239
f 127/52/127 240/51/240 242/85/242
f 128/87/128 130/102/130 241/88/241
f 121/68/121 123/73/123 196/89/196
f 17/91/17 81/96/81 125/50/125
f 176/93/176 82/99/82 226/94/226
f 81/96/81 225/106/225 237/97/237
f 16/98/16 64/100/64 126/82/126
f 64/100/64 63/101/63 128/87/128
f 63/101/63 62/103/62 130/102/130
f 62/103/62 15/256/15 76/104/76
f 175/105/175 264/397/264 225/106/225
f 287/107/287 18/112/18 29/108/29
f 67/110/67 129/86/129 75/111/75
f 66/113/66 127/52/127 129/86/129
f 65/92/65 125/50/125 127/52/127
f 132/114/132 245/420/245 244/115/244
f 26/117/26 210/366/210 355/118/355
f 255/119/255 215/482/215 39/120/39
f 31/49/31 131/116/131 296/122/296
f 243/124/243 246/418/246 134/125/134
f 334/126/334 25/17/25 2/14/2
f 34/127/34 212/251/212 248/128/248
f 232/77/232 210/366/210 26/117/26
f 88/130/88 89/138/89 336/131/336
f 30/37/30 132/114/132 131/116/131
f 295/56/295 133/55/133 41/69/41
f 40/133/40 216/387/216 256/134/256
f 236/136/236 214/412/214 36/137/36
f 89/138/89 13/201/13 327/139/327
f 298/140/298 135/147/135 137/141/137
f 22/143/22 337/150/337 338/144/338
f 136/146/136 138/170/138 137/141/137
f 137/141/137 79/171/79 289/148/289
f 143/149/143 338/144/338 337/150/337
f 71/152/71 221/259/221 247/153/247
f 168/121/168 75/111/75 224/155/224
f 147/156/147 249/207/249 252/157/252
f 143/149/143 144/173/144 84/159/84
f 131/116/131 244/115/244 317/161/317
f 32/162/32 5/179/5 34/127/34
f 139/129/139 72/213/72 19/163/19
f 152/164/152 72/213/72 222/165/222
f 145/167/145 38/190/38 37/168/37
f 138/170/138 80/226/80 79/171/79
f 299/172/299 300/176/300 144/173/144
f 133/55/133 134/125/134 42/175/42
f 300/176/300 28/274/28 17/91/17
f 141/151/141 142/174/142 144/173/144
f 338/144/338 143/149/143 83/160/83
f 5/179/5 32/162/32 339/180/339
f 21/145/21 172/203/172 170/182/170
f 32/162/32 19/163/19 325/183/325
f 340/184/340 59/202/59 60/185/60
f 322/187/322 44/248/44 165/188/165
f 301/109/301 282/199/282 38/190/38
f 301/109/301 145/167/145 74/191/74
f 78/192/78 326/224/326 346/189/346
f 148/193/148 150/198/150 251/194/251
f 149/158/149 252/157/252 254/196/254
f 150/198/150 152/164/152 253/166/253
f 282/199/282 301/109/301 29/108/29
f 13/201/13 85/206/85 147/156/147
f 172/203/172 86/209/86 228/204/228
f 85/206/85 227/276/227 249/207/249
f 20/208/20 70/210/70 148/193/148
f 70/210/70 69/211/69 150/198/150
f 69/211/69 68/212/68 152/164/152
f 68/212/68 19/163/19 72/213/72
f 167/135/167 256/134/256 223/214/223
f 61/215/61 151/197/151 71/152/71
f 60/185/60 149/158/149 151/197/151
f 59/202/59 147/156/147 149/158/149
f 146/169/146 73/244/73 74/191/74
f 341/186/341 60/185/60 61/215/61
f 154/218/154 156/222/156 155/219/155
f 13/201/13 59/202/59 340/184/340
f 79/171/79 153/220/153 304/221/304
f 156/222/156 158/232/158 157/223/157
f 342/217/342 61/215/61 14/216/14
f 343/225/343 344/231/344 69/211/69
f 80/226/80 154/218/154 153/220/153
f 157/223/157 77/233/77 288/227/288
f 155/219/155 157/223/157 302/228/302
f 153/220/153 155/219/155 303/229/303
f 343/225/343 159/235/159 161/230/161
f 158/232/158 78/192/78 77/233/77
f 161/230/161 163/238/163 345/234/345
f 159/235/159 160/242/160 162/236/162
f 345/234/345 325/183/325 19/163/19
f 328/178/328 83/160/83 159/235/159
f 161/230/161 162/236/162 164/237/164
f 290/177/290 17/91/17 65/92/65
f 305/239/305 65/92/65 66/113/66
f 306/240/306 66/113/66 67/110/67
f 307/241/307 67/110/67 18/112/18
f 83/160/83 84/159/84 160/242/160
f 163/238/163 73/244/73 325/183/325
f 346/189/346 87/414/87 7/243/7
f 20/208/20 328/178/328 343/225/343
f 344/231/344 345/234/345 68/212/68
f 163/238/163 164/237/164 74/191/74
f 43/245/43 284/415/284 308/246/308
f 166/247/166 165/188/165 44/248/44
f 308/246/308 288/227/288 77/233/77
f 168/121/168 39/120/39 3/200/3
f 18/112/18 75/111/75 168/121/168
f 172/203/172 259/205/259 258/249/258
f 387/250/387 386/496/386 248/128/248
f 218/252/218 261/261/261 173/253/173
f 167/135/167 92/257/92 1/255/1
f 167/135/167 76/104/76 15/256/15
f 129/86/129 242/85/242 224/155/224
f 130/102/130 76/104/76 223/214/223
f 386/258/386 247/153/247 221/259/221
f 261/261/261 264/397/264 175/105/175
f 176/93/176 263/95/263 262/262/262
f 169/264/169 171/268/171 89/138/89
f 172/203/172 21/145/21 20/208/20
f 268/265/268 273/337/273 199/266/199
f 86/209/86 148/193/148 250/195/250
f 171/268/171 85/206/85 13/201/13
f 90/269/90 176/93/176 174/263/174
f 297/142/297 90/269/90 91/270/91
f 217/271/217 266/301/266 183/272/183
f 173/253/173 175/105/175 28/274/28
f 90/269/90 16/98/16 82/99/82
f 171/268/171 260/278/260 227/276/227
f 82/99/82 126/82/126 238/84/238
f 28/274/28 175/105/175 81/96/81
f 395/277/395 396/477/396 260/278/260
f 350/280/350 349/315/349 46/281/46
f 179/282/179 52/416/52 51/283/51
f 177/284/177 51/283/51 285/285/285
f 93/287/93 9/413/9 323/288/323
f 309/286/309 310/339/310 178/290/178
f 177/284/177 178/290/178 180/291/180
f 354/29/354 353/60/353 96/62/96
f 98/292/98 197/346/197 182/293/182
f 48/295/48 181/303/181 53/296/53
f 57/298/57 189/336/189 269/299/269
f 266/301/266 268/265/268 184/267/184
f 182/293/182 267/406/267 265/302/265
f 270/304/270 191/335/191 58/305/58
f 54/273/54 183/272/183 50/307/50
f 47/294/47 182/293/182 181/303/181
f 184/267/184 199/266/199 100/309/100
f 205/311/205 278/347/278 271/312/271
f 335/132/335 323/357/323 9/314/9
f 183/272/183 184/267/184 49/310/49
f 349/315/349 185/323/185 55/316/55
f 220/318/220 257/279/257 169/264/169
f 174/263/174 262/262/262 217/320/217
f 178/290/178 193/351/193 195/322/195
f 350/280/350 186/330/186 185/323/185
f 352/324/352 102/45/102 101/325/101
f 185/323/185 187/327/187 56/326/56
f 187/327/187 312/333/312 286/328/286
f 46/281/46 349/315/349 324/317/324
f 353/60/353 201/350/201 186/330/186
f 186/330/186 188/354/188 187/327/187
f 316/331/316 98/292/98 47/294/47
f 101/325/101 205/311/205 190/313/190
f 311/332/311 47/294/47 48/295/48
f 165/188/165 166/247/166 77/233/77
f 12/308/12 50/307/50 309/286/309
f 270/304/270 272/340/272 192/334/192
f 190/313/190 271/312/271 269/299/269
f 273/337/273 276/349/276 200/53/200
f 191/335/191 46/281/46 10/329/10
f 94/80/94 190/313/190 189/336/189
f 192/334/192 207/341/207 96/62/96
f 49/310/49 100/309/100 313/338/313
f 272/340/272 277/348/277 207/341/207
f 400/342/400 405/355/405 273/337/273
f 191/335/191 192/334/192 45/61/45
f 401/343/401 399/403/399 266/301/266
f 151/197/151 254/196/254 221/259/221
f 170/182/170 258/249/258 219/344/219
f 331/35/331 23/43/23 102/45/102
f 194/90/194 193/351/193 313/338/313
f 97/48/97 198/78/198 197/346/197
f 206/44/206 279/65/279 278/347/278
f 277/348/277 280/63/280 208/10/208
f 199/266/199 200/53/200 99/28/99
f 119/9/119 200/53/200 276/349/276
f 354/29/354 202/31/202 201/350/201
f 196/89/196 195/322/195 193/351/193
f 329/21/329 354/29/354 95/12/95
f 204/352/204 315/46/315 316/331/316
f 201/350/201 203/353/203 188/354/188
f 100/309/100 99/28/99 314/27/314
f 207/341/207 208/10/208 95/12/95
f 405/355/405 406/490/406 276/349/276
f 57/319/57 169/264/169 88/130/88
f 10/356/10 324/419/324 337/150/337
f 323/357/323 335/132/335 136/146/136
f 202/31/202 204/352/204 203/353/203
f 298/140/298 91/270/91 12/359/12
f 91/270/91 174/263/174 54/321/54
f 53/254/53 173/253/173 27/275/27
f 286/362/286 299/172/299 142/174/142
f 136/146/136 135/147/135 51/364/51
f 410/365/410 355/118/355 210/366/210
f 58/345/58 10/356/10 22/143/22
f 376/368/376 377/489/377 236/136/236
f 374/369/374 231/18/231 209/370/209
f 406/372/406 275/377/275 234/2/234
f 110/15/110 231/18/231 230/24/230
f 377/374/377 235/58/235 213/375/213
f 117/3/117 234/2/234 275/377/275
f 380/378/380 240/51/240 237/97/237
f 381/380/381 242/85/242 240/51/240
f 379/379/379 237/97/237 225/106/225
f 383/382/383 381/487/381 241/88/241
f 56/363/56 142/174/142 141/151/141
f 25/17/25 334/126/334 356/384/356
f 409/385/409 384/421/384 243/124/243
f 393/386/393 256/134/256 216/387/216
f 383/389/383 393/483/393 255/119/255
f 390/390/390 252/157/252 249/207/249
f 391/392/391 254/196/254 252/157/252
f 389/391/389 249/207/249 227/276/227
f 388/394/388 391/480/391 253/166/253
f 247/153/247 211/498/211 33/395/33
f 248/128/248 222/165/222 72/213/72
f 397/396/397 398/1350/398 264/397/264
f 396/398/396 259/205/259 228/204/228
f 257/279/257 260/278/260 171/268/171
f 382/400/382 398/1351/398 263/95/263
f 402/401/402 270/304/270 219/306/219
f 400/342/400 268/265/268 266/301/266
f 403/404/403 407/407/407 277/348/277
f 181/303/181 265/302/265 218/405/218
f 402/401/402 403/404/403 272/340/272
f 197/346/197 274/408/274 267/406/267
f 407/407/407 408/499/408 280/63/280
f 198/78/198 275/377/275 274/408/274
f 404/409/404 395/277/395 257/279/257
f 401/410/401 397/396/397 261/261/261
f 378/411/378 409/385/409 318/54/318
f 11/361/11 27/275/27 299/172/299
f 135/147/135 298/140/298 285/360/285
f 102/45/102 206/44/206 205/311/205
f 292/34/292 315/46/315 204/352/204
f 315/46/315 97/48/97 98/292/98
f 203/353/203 316/331/316 311/332/311
f 9/413/9 93/287/93 189/336/189
f 188/354/188 311/332/311 312/333/312
f 50/307/50 49/310/49 310/339/310
f 312/333/312 48/295/48 11/297/11
f 348/81/348 94/80/94 93/287/93
f 87/414/87 346/189/346 326/224/326
f 164/237/164 307/241/307 287/107/287
f 162/236/162 306/240/306 307/241/307
f 160/242/160 305/239/305 306/240/306
f 84/159/84 290/177/290 305/239/305
f 304/221/304 303/229/303 63/101/63
f 303/229/303 302/228/302 62/103/62
f 302/228/302 288/227/288 15/256/15
f 289/148/289 304/221/304 64/100/64
f 92/257/92 308/246/308 284/415/284
f 92/257/92 15/256/15 288/227/288
f 144/173/144 300/176/300 290/177/290
f 21/145/21 338/144/338 328/178/328
f 296/122/296 317/161/317 213/375/213
f 27/275/27 28/274/28 300/176/300
f 297/142/297 289/148/289 16/98/16
f 295/56/295 283/72/283 6/59/6
f 8/39/8 281/123/281 296/122/296
f 6/59/6 283/72/283 294/67/294
f 214/412/214 318/54/318 295/56/295
f 105/40/105 118/1/118 117/3/117
f 116/38/116 31/49/31 281/123/281
f 180/291/180 195/322/195 351/79/351
f 123/73/123 331/35/331 352/324/352
f 195/322/195 196/89/196 352/324/352
f 347/289/347 323/288/323 52/416/52
f 339/180/339 325/183/325 73/244/73
f 320/181/320 339/180/339 146/169/146
f 335/132/335 336/131/336 138/170/138
f 385/417/385 410/492/410 356/384/356
f 141/151/141 337/150/337 324/419/324
f 24/16/24 110/15/110 109/64/109
f 293/42/293 121/68/121 194/90/194
f 179/282/179 180/291/180 348/81/348
f 14/216/14 71/152/71 140/154/140
f 158/232/158 342/217/342 326/224/326
f 327/139/327 340/184/340 154/218/154
f 156/222/156 341/186/341 342/217/342
f 340/184/340 341/186/341 156/222/156
f 336/131/336 327/139/327 80/226/80
f 134/125/134 334/126/334 321/66/321
f 319/75/319 333/74/333 132/114/132
f 333/74/333 355/118/355 245/420/245
f 246/418/246 356/384/356 334/126/334
f 42/175/42 321/66/321 332/36/332
f 87/414/87 140/154/140 33/395/33
f 124/70/124 332/36/332 331/35/331
f 193/351/193 178/290/178 310/339/310
f 384/421/384 385/417/385 246/418/246
f 3/422/3 39/425/39 357/423/357
f 39/425/39 215/465/215 361/426/361
f 216/427/216 365/431/365 411/428/411
f 40/430/40 369/433/369 365/431/365
f 1/432/1 284/439/284 369/433/369
f 282/424/282 357/423/357 358/434/358
f 357/423/357 361/426/361 362/436/362
f 365/431/365 366/438/366 412/437/412
f 369/433/369 370/440/370 366/438/366
f 284/439/284 43/446/43 370/440/370
f 38/435/38 358/434/358 359/441/359
f 362/436/362 363/448/363 359/441/359
f 412/437/412 366/438/366 367/443/367
f 366/438/366 370/440/370 371/445/371
f 43/446/43 44/1352/44 371/445/371
f 359/441/359 360/449/360 320/447/320
f 363/448/363 364/455/364 360/449/360
f 413/444/413 367/443/367 368/450/368
f 367/443/367 371/445/371 372/452/372
f 371/445/371 44/1352/44 322/453/322
f 360/449/360 34/456/34 5/454/5
f 364/455/364 212/462/212 34/456/34
f 414/451/414 368/450/368 211/457/211
f 368/450/368 372/452/372 33/459/33
f 372/452/372 322/453/322 7/460/7
f 414/461/414 387/1353/387 212/462/212
f 413/463/413 414/461/414 364/455/364
f 412/464/412 413/463/413 363/448/363
f 361/426/361 411/466/411 412/464/412
f 215/465/215 394/1354/394 411/466/411
f 245/420/245 385/468/385 384/467/384
f 355/118/355 410/365/410 385/468/385
f 317/161/317 409/485/409 378/376/378
f 262/262/262 397/478/397 401/469/401
f 258/249/258 395/495/395 404/470/404
f 279/65/279 408/23/408 407/471/407
f 271/312/271 403/473/403 402/472/402
f 278/347/278 407/471/407 403/473/403
f 265/302/265 267/406/267 400/474/400
f 220/300/220 269/299/269 402/472/402
f 264/397/264 398/1350/398 382/381/382
f 227/276/227 260/278/260 396/477/396
f 263/95/263 398/1351/398 397/478/397
f 254/196/254 391/392/391 388/260/388
f 228/204/228 250/195/250 389/479/389
f 251/194/251 253/166/253 391/480/391
f 250/195/250 251/194/251 390/481/390
f 256/134/256 393/386/393 383/382/383
f 215/482/215 255/119/255 393/483/393
f 244/115/244 384/467/384 409/485/409
f 242/85/242 381/380/381 383/389/383
f 226/94/226 238/84/238 379/486/379
f 239/83/239 241/88/241 381/487/381
f 238/84/238 239/83/239 380/488/380
f 214/412/214 236/136/236 377/489/377
f 233/7/233 276/349/276 406/490/406
f 210/366/210 232/77/232 374/491/374
f 235/58/235 377/374/377 376/373/376
f 209/370/209 356/384/356 410/492/410
f 275/377/275 406/372/406 405/493/405
f 265/302/265 399/475/399 401/494/401
f 274/408/274 405/493/405 400/474/400
f 259/205/259 396/398/396 395/495/395
f 222/165/222 248/128/248 386/496/386
f 247/153/247 386/258/386 387/497/387
f 231/18/231 374/369/374 373/25/373
f 229/4/229 280/63/280 408/499/408
g flipper_left
usemtl flipper_left
f 810/636/810 679/637/679 684/638/684
f 705/639/705 1013/640/1013 801/641/801
f 800/643/800 723/644/723 1015/645/1015
f 807/646/807 706/647/706 817/648/817
f 816/649/816 443/650/443 529/651/529
f 768/652/768 533/653/533 495/654/495
f 801/641/801 817/648/817 705/639/705
f 462/655/462 1015/645/1015 723/644/723
f 1014/656/1014 440/657/440 707/658/707
f 816/649/816 441/659/441 527/660/527
f 1013/640/1013 461/661/461 722/662/722
f 718/663/718 530/664/530 815/665/815
f 442/666/442 814/667/814 526/668/526
f 723/644/723 731/669/731 462/655/462
f 723/644/723 713/670/713 987/671/987
f 987/671/987 445/672/445 725/673/725
f 987/671/987 464/674/464 731/669/731
f 714/675/714 528/676/528 814/667/814
f 450/677/450 813/678/813 530/664/530
f 707/658/707 715/679/715 988/680/988
f 988/680/988 444/681/444 710/682/710
f 466/683/466 811/684/811 532/685/532
f 795/686/795 767/687/767 989/688/989
f 989/688/989 448/689/448 716/690/716
f 812/691/812 447/692/447 531/693/531
f 969/694/969 684/638/684 678/695/678
f 774/696/774 728/697/728 497/698/497
f 774/696/774 769/699/769 990/700/990
f 990/700/990 449/701/449 727/702/727
f 990/700/990 466/683/466 728/697/728
f 728/703/728 717/704/717 1011/705/1011
f 462/706/462 1010/707/1010 708/708/708
f 495/654/495 991/709/991 768/652/768
f 772/710/772 729/711/729 991/709/991
f 991/709/991 465/712/465 726/713/726
f 768/652/768 726/713/726 447/692/447
f 680/714/680 809/715/809 683/716/683
f 811/684/811 449/701/449 531/693/531
f 439/717/439 992/718/992 712/719/712
f 722/662/722 730/720/730 992/718/992
f 992/718/992 463/721/463 724/722/724
f 712/719/712 724/722/724 443/650/443
f 731/723/731 711/724/711 1010/707/1010
f 681/725/681 1004/726/1004 976/727/976
f 813/678/813 465/728/465 716/690/716
f 722/662/722 801/641/801 1013/640/1013
f 678/695/678 999/813/999 969/694/969
f 979/814/979 771/815/771 999/813/999
f 999/813/999 498/816/498 772/710/772
f 969/694/969 772/710/772 495/654/495
f 770/817/770 773/818/773 1004/726/1004
f 682/819/682 1001/820/1001 771/821/771
f 978/822/978 770/823/770 681/824/681
f 679/637/679 1000/825/1000 978/822/978
f 1000/825/1000 496/826/496 774/696/774
f 1000/825/1000 497/698/497 770/823/770
f 810/636/810 495/654/495 533/653/533
f 439/717/439 807/646/807 801/641/801
f 977/827/977 968/828/968 1001/820/1001
f 1001/820/1001 494/829/494 795/686/795
f 766/830/766 534/831/534 809/715/809
f 1002/843/1002 803/844/803 777/845/777
f 1003/849/1003 799/850/799 776/851/776
f 683/716/683 968/828/968 677/852/677
f 799/850/799 526/668/526 806/855/806
f 795/686/795 771/821/771 1001/820/1001
f 498/887/498 989/688/989 729/888/729
f 976/727/976 766/830/766 680/714/680
f 1004/726/1004 493/889/493 766/830/766
f 442/666/442 1012/905/1012 708/708/708
f 708/708/708 714/675/714 442/666/442
f 1010/707/1010 446/906/446 714/675/714
f 773/818/773 718/663/718 493/889/493
f 1011/705/1011 450/677/450 718/663/718
f 716/690/716 729/888/729 989/688/989
f 717/704/717 532/907/532 813/678/813
f 776/851/776 806/855/806 808/908/808
f 461/909/461 988/680/988 730/910/730
f 710/682/710 730/910/730 988/680/988
f 802/911/802 707/658/707 461/909/461
f 1012/905/1012 777/912/777 803/913/803
f 708/708/708 803/913/803 462/706/462
f 1046/921/1046 802/922/802 1013/640/1013
f 706/647/706 1015/645/1015 1002/843/1002
f 1043/923/1043 709/924/709 1014/656/1014
f 1014/656/1014 933/928/933 1043/923/1043
f 709/924/709 808/908/808 806/855/806
f 809/715/809 494/829/494 968/828/968
f 532/685/532 726/713/726 465/712/465
f 970/941/970 533/653/533 496/826/496
f 812/691/812 496/826/496 533/653/533
f 530/664/530 716/690/716 448/689/448
f 726/713/726 531/693/531 447/692/447
f 769/699/769 531/693/531 449/701/449
f 527/660/527 800/643/800 807/646/807
f 814/667/814 440/657/440 526/668/526
f 715/679/715 528/676/528 444/681/444
f 534/831/534 767/687/767 494/829/494
f 815/665/815 448/689/448 767/687/767
f 806/855/806 440/657/440 709/924/709
f 713/670/713 529/651/529 445/672/445
f 975/1312/975 445/672/445 529/651/529
f 528/676/528 719/1313/719 444/681/444
f 1051/1317/1051 463/1318/463 710/682/710
f 721/1320/721 684/638/684 679/637/679
f 446/906/446 974/1321/974 528/676/528
f 974/1321/974 677/852/677 719/1313/719
f 720/1322/720 529/651/529 443/650/443
f 711/724/711 971/1323/971 446/906/446
f 497/1324/497 1011/705/1011 773/818/773
f 1050/1325/1050 680/714/680 971/1323/971
f 973/1326/973 977/827/977 682/819/682
f 464/1327/464 1050/1325/1050 711/724/711
f 971/1323/971 683/716/683 974/1321/974
f 710/682/710 719/1313/719 1051/1317/1051
f 1051/1317/1051 677/852/677 977/827/977
f 975/1312/975 678/695/678 684/638/684
f 493/889/493 815/665/815 534/831/534
f 725/673/725 972/1328/972 464/674/464
f 445/672/445 1052/1329/1052 725/673/725
f 721/1320/721 978/822/978 1052/1329/1052
f 1052/1329/1052 681/824/681 972/1328/972
f 972/1330/972 976/727/976 1050/1325/1050
f 443/650/443 1053/1331/1053 720/1322/720
f 724/722/724 973/1332/973 1053/1331/1053
f 1053/1331/1053 682/1333/682 979/814/979
f 720/1322/720 979/814/979 678/695/678
f 712/719/712 527/660/527 439/717/439
f 810/636/810 970/941/970 679/637/679
f 705/639/705 1046/921/1046 1013/640/1013
f 800/643/800 441/659/441 723/644/723
f 807/646/807 800/643/800 706/647/706
f 816/649/816 712/719/712 443/650/443
f 768/652/768 812/691/812 533/653/533
f 801/641/801 807/646/807 817/648/817
f 462/655/462 803/844/803 1015/645/1015
f 1014/656/1014 709/924/709 440/657/440
f 816/649/816 713/670/713 441/659/441
f 1013/640/1013 802/922/802 461/661/461
f 718/663/718 450/677/450 530/664/530
f 442/666/442 714/675/714 814/667/814
f 723/644/723 987/671/987 731/669/731
f 723/644/723 441/659/441 713/670/713
f 987/671/987 713/670/713 445/672/445
f 987/671/987 725/673/725 464/674/464
f 714/675/714 446/906/446 528/676/528
f 450/677/450 717/704/717 813/678/813
f 707/658/707 440/657/440 715/679/715
f 988/680/988 715/679/715 444/681/444
f 466/683/466 727/702/727 811/684/811
f 795/686/795 494/829/494 767/687/767
f 989/688/989 767/687/767 448/689/448
f 812/691/812 768/652/768 447/692/447
f 969/694/969 810/636/810 684/638/684
f 774/696/774 990/700/990 728/697/728
f 774/696/774 496/826/496 769/699/769
f 990/700/990 769/699/769 449/701/449
f 990/700/990 727/702/727 466/683/466
f 728/703/728 466/1355/466 717/704/717
f 462/706/462 731/723/731 1010/707/1010
f 495/654/495 772/710/772 991/709/991
f 772/710/772 498/816/498 729/711/729
f 991/709/991 729/711/729 465/712/465
f 768/652/768 991/709/991 726/713/726
f 680/714/680 766/830/766 809/715/809
f 811/684/811 727/702/727 449/701/449
f 439/717/439 722/662/722 992/718/992
f 722/662/722 461/661/461 730/720/730
f 992/718/992 730/720/730 463/721/463
f 712/719/712 992/718/992 724/722/724
f 731/723/731 464/1327/464 711/724/711
f 681/725/681 770/817/770 1004/726/1004
f 813/678/813 532/907/532 465/728/465
f 722/662/722 439/717/439 801/641/801
f 678/695/678 979/814/979 999/813/999
f 979/814/979 682/1333/682 771/815/771
f 999/813/999 771/815/771 498/816/498
f 969/694/969 999/813/999 772/710/772
f 770/817/770 497/1324/497 773/818/773
f 682/819/682 977/827/977 1001/820/1001
f 978/822/978 1000/825/1000 770/823/770
f 679/637/679 970/941/970 1000/825/1000
f 1000/825/1000 970/941/970 496/826/496
f 1000/825/1000 774/696/774 497/698/497
f 810/636/810 969/694/969 495/654/495
f 439/717/439 527/660/527 807/646/807
f 977/827/977 677/852/677 968/828/968
f 1001/820/1001 968/828/968 494/829/494
f 766/830/766 493/889/493 534/831/534
f 1002/843/1002 1015/645/1015 803/844/803
f 1003/849/1003 1012/905/1012 799/850/799
f 683/716/683 809/715/809 968/828/968
f 799/850/799 442/666/442 526/668/526
f 795/686/795 498/887/498 771/821/771
f 498/887/498 795/686/795 989/688/989
f 976/727/976 1004/726/1004 766/830/766
f 1004/726/1004 773/818/773 493/889/493
f 442/666/442 799/850/799 1012/905/1012
f 708/708/708 1010/707/1010 714/675/714
f 1010/707/1010 711/724/711 446/906/446
f 773/818/773 1011/705/1011 718/663/718
f 1011/705/1011 717/704/717 450/677/450
f 716/690/716 465/728/465 729/888/729
f 717/704/717 466/1355/466 532/907/532
f 776/851/776 799/850/799 806/855/806
f 461/909/461 707/658/707 988/680/988
f 710/682/710 463/1318/463 730/910/730
f 802/911/802 1014/656/1014 707/658/707
f 1012/905/1012 1003/849/1003 777/912/777
f 708/708/708 1012/905/1012 803/913/803
f 1046/921/1046 933/1360/933 802/922/802
f 706/647/706 800/643/800 1015/645/1015
f 1043/923/1043 775/1361/775 709/924/709
f 1014/656/1014 802/911/802 933/928/933
f 709/924/709 775/1361/775 808/908/808
f 809/715/809 534/831/534 494/829/494
f 532/685/532 811/684/811 726/713/726
f 970/941/970 810/636/810 533/653/533
f 812/691/812 769/699/769 496/826/496
f 530/664/530 813/678/813 716/690/716
f 726/713/726 811/684/811 531/693/531
f 769/699/769 812/691/812 531/693/531
f 527/660/527 441/659/441 800/643/800
f 814/667/814 715/679/715 440/657/440
f 715/679/715 814/667/814 528/676/528
f 534/831/534 815/665/815 767/687/767
f 815/665/815 530/664/530 448/689/448
f 806/855/806 526/668/526 440/657/440
f 713/670/713 816/649/816 529/651/529
f 975/1312/975 721/1320/721 445/672/445
f 528/676/528 974/1321/974 719/1313/719
f 1051/1317/1051 973/1326/973 463/1318/463
f 721/1320/721 975/1312/975 684/638/684
f 446/906/446 971/1323/971 974/1321/974
f 974/1321/974 683/716/683 677/852/677
f 720/1322/720 975/1312/975 529/651/529
f 711/724/711 1050/1325/1050 971/1323/971
f 497/1324/497 728/703/728 1011/705/1011
f 1050/1325/1050 976/727/976 680/714/680
f 973/1326/973 1051/1317/1051 977/827/977
f 464/1327/464 972/1330/972 1050/1325/1050
f 971/1323/971 680/714/680 683/716/683
f 710/682/710 444/681/444 719/1313/719
f 1051/1317/1051 719/1313/719 677/852/677
f 975/1312/975 720/1322/720 678/695/678
f 493/889/493 718/663/718 815/665/815
f 725/673/725 1052/1329/1052 972/1328/972
f 445/672/445 721/1320/721 1052/1329/1052
f 721/1320/721 679/637/679 978/822/978
f 1052/1329/1052 978/822/978 681/824/681
f 972/1330/972 681/725/681 976/727/976
f 443/650/443 724/722/724 1053/1331/1053
f 724/722/724 463/721/463 973/1332/973
f 1053/1331/1053 973/1332/973 682/1333/682
f 720/1322/720 1053/1331/1053 979/814/979
f 712/719/712 816/649/816 527/660/527
g flipper_right
usemtl flipper_right
f 853/575/853 591/576/591 571/577/571
f 657/642/657 853/575/853 571/577/571
f 947/846/947 592/847/592 660/848/660
f 569/853/569 950/854/950 657/642/657
f 1016/925/1016 849/926/849 905/927/905
f 929/929/929 589/930/589 567/931/567
f 592/932/592 659/933/659 660/934/660
f 941/935/941 906/936/906 943/937/943
f 857/938/857 862/939/862 1042/940/1042
f 858/942/858 658/943/658 576/944/576
f 661/1074/661 960/1075/960 621/1076/621
f 932/1077/932 846/1078/846 907/1079/907
f 573/1080/573 946/1081/946 659/933/659
f 852/1082/852 655/1083/655 950/854/950
f 967/1084/967 963/1085/963 674/1086/674
f 951/1087/951 930/1088/930 845/1089/845
f 1045/1090/1045 566/1091/566 849/926/849
f 845/1089/845 931/1092/931 839/1093/839
f 854/1094/854 656/1095/656 572/1096/572
f 949/1097/949 618/1098/618 662/1099/662
f 901/1100/901 593/1101/593 575/1102/575
f 865/1103/865 567/931/567 589/930/589
f 948/1104/948 568/1105/568 654/1106/654
f 1025/1107/1025 570/1108/570 855/1109/855
f 847/1110/847 855/1109/855 566/1091/566
f 947/846/947 576/944/576 658/943/658
f 590/1111/590 852/1082/852 569/853/569
f 1026/1112/1026 574/1113/574 899/1114/899
f 924/1115/924 899/1114/899 619/1116/619
f 620/1117/620 945/1118/945 661/1074/661
f 900/1119/900 661/1074/661 946/1081/946
f 592/932/592 900/1119/900 573/1080/573
f 862/1120/862 621/1076/621 622/1121/622
f 1042/940/1042 622/1122/622 904/1123/904
f 851/1124/851 865/1125/865 1041/1126/1041
f 575/1102/575 660/934/660 659/933/659
f 863/1127/863 620/1117/620 900/1119/900
f 898/1128/898 662/1099/662 618/1098/618
f 623/1129/623 959/1130/959 620/1117/620
f 864/1131/864 565/1132/565 852/1082/852
f 1041/1126/1041 589/1133/589 848/1134/848
f 904/1123/904 902/1135/902 1035/1136/1035
f 1044/1137/1044 907/1138/907 1034/1139/1034
f 568/1105/568 1044/1137/1044 928/1140/928
f 960/1075/960 622/1121/622 621/1076/621
f 903/1217/903 670/1218/670 959/1130/959
f 1035/1136/1035 673/1219/673 966/1220/966
f 924/1115/924 903/1221/903 623/1222/623
f 588/1223/588 930/1088/930 565/1132/565
f 902/1224/902 671/1225/671 673/1226/673
f 565/1132/565 942/1227/942 655/1083/655
f 959/1130/959 676/1228/676 945/1118/945
f 1033/1229/1033 619/1116/619 958/1230/958
f 967/1084/967 958/1230/958 669/1231/669
f 850/1232/850 864/1233/864 590/1234/590
f 944/1235/944 672/1236/672 675/1237/675
f 848/1134/848 932/1241/932 1044/1137/1044
f 928/1140/928 1034/1139/1034 906/936/906
f 944/1235/944 619/1116/619 662/1099/662
f 669/1231/669 964/1242/964 859/1243/859
f 942/1227/942 846/1078/846 929/929/929
f 856/1254/856 863/1255/863 592/847/592
f 1033/1229/1033 674/1086/674 903/1221/903
f 898/1128/898 966/1220/966 672/1236/672
f 618/1098/618 1035/1136/1035 898/1128/898
f 1045/1090/1045 839/1268/839 931/1269/931
f 854/1094/854 848/1134/848 568/1105/568
f 572/1096/572 1041/1126/1041 854/1094/854
f 858/942/858 904/1123/904 618/1098/618
f 576/944/576 1042/940/1042 858/942/858
f 857/938/857 660/848/660 593/1270/593
f 1026/1112/1026 623/1222/623 863/1255/863
f 928/1140/928 654/1106/654 568/1105/568
f 847/1110/847 931/1269/931 588/1271/588
f 1025/1107/1025 588/1271/588 864/1233/864
f 943/937/943 849/926/849 941/935/941
f 673/1226/673 861/1292/861 962/1293/962
f 958/1230/958 675/1237/675 669/1231/669
f 659/933/659 901/1100/901 575/1102/575
f 945/1118/945 671/1225/671 960/1075/960
f 655/1083/655 929/929/929 567/931/567
f 946/1081/946 621/1076/621 901/1100/901
f 856/1254/856 658/943/658 574/1113/574
f 656/1095/656 855/1109/855 570/1108/570
f 949/1097/949 574/1113/574 658/943/658
f 948/1104/948 566/1091/566 855/1109/855
f 941/935/941 566/1091/566 654/1106/654
f 899/1114/899 662/1099/662 619/1116/619
f 676/1228/676 861/1292/861 671/1225/671
f 950/854/950 567/931/567 853/575/853
f 675/1237/675 961/1307/961 964/1242/964
f 965/1308/965 571/577/571 861/1292/861
f 670/1218/670 965/1308/965 676/1228/676
f 859/1243/859 656/1095/656 570/1108/570
f 961/1307/961 851/1124/851 572/1096/572
f 672/1236/672 1048/1309/1048 961/1307/961
f 966/1220/966 962/1310/962 1048/1309/1048
f 1049/1311/1049 590/1234/590 963/1085/963
f 964/1242/964 572/1096/572 656/1095/656
f 1049/1311/1049 669/1231/669 859/1243/859
f 850/1232/850 859/1243/859 570/1108/570
f 860/1314/860 657/642/657 965/1308/965
f 674/1315/674 860/1314/860 670/1218/670
f 962/1293/962 571/577/571 591/576/591
f 1048/1309/1048 591/1316/591 851/1124/851
f 963/1319/963 569/853/569 860/1314/860
f 853/575/853 865/1103/865 591/576/591
f 657/642/657 950/854/950 853/575/853
f 947/846/947 856/1254/856 592/847/592
f 569/853/569 852/1082/852 950/854/950
f 1016/925/1016 1045/1090/1045 849/926/849
f 929/929/929 932/1077/932 589/930/589
f 592/932/592 573/1080/573 659/933/659
f 941/935/941 928/1140/928 906/936/906
f 857/938/857 593/1270/593 862/939/862
f 858/942/858 949/1097/949 658/943/658
f 661/1074/661 945/1118/945 960/1075/960
f 932/1077/932 929/929/929 846/1078/846
f 573/1080/573 900/1119/900 946/1081/946
f 852/1082/852 565/1132/565 655/1083/655
f 967/1084/967 1049/1311/1049 963/1085/963
f 951/1087/951 942/1227/942 930/1088/930
f 1045/1090/1045 847/1110/847 566/1091/566
f 845/1089/845 930/1088/930 931/1092/931
f 854/1094/854 948/1104/948 656/1095/656
f 949/1097/949 858/942/858 618/1098/618
f 901/1100/901 862/1120/862 593/1101/593
f 865/1103/865 853/575/853 567/931/567
f 948/1104/948 854/1094/854 568/1105/568
f 1025/1107/1025 850/1232/850 570/1108/570
f 847/1110/847 1025/1107/1025 855/1109/855
f 947/846/947 857/938/857 576/944/576
f 590/1111/590 864/1131/864 852/1082/852
f 1026/1112/1026 856/1254/856 574/1113/574
f 924/1115/924 1026/1112/1026 899/1114/899
f 620/1117/620 959/1130/959 945/1118/945
f 900/1119/900 620/1117/620 661/1074/661
f 592/932/592 863/1127/863 900/1119/900
f 862/1120/862 901/1100/901 621/1076/621
f 1042/940/1042 862/939/862 622/1122/622
f 851/1124/851 591/1316/591 865/1125/865
f 575/1102/575 593/1101/593 660/934/660
f 863/1127/863 623/1129/623 620/1117/620
f 898/1128/898 944/1235/944 662/1099/662
f 623/1129/623 903/1217/903 959/1130/959
f 864/1131/864 588/1223/588 565/1132/565
f 1041/1126/1041 865/1125/865 589/1133/589
f 904/1123/904 622/1122/622 902/1135/902
f 1044/1137/1044 932/1241/932 907/1138/907
f 568/1105/568 848/1134/848 1044/1137/1044
f 960/1075/960 902/1224/902 622/1121/622
f 903/1217/903 674/1315/674 670/1218/670
f 1035/1136/1035 902/1135/902 673/1219/673
f 924/1115/924 1033/1229/1033 903/1221/903
f 588/1223/588 931/1092/931 930/1088/930
f 902/1224/902 960/1075/960 671/1225/671
f 565/1132/565 930/1088/930 942/1227/942
f 959/1130/959 670/1218/670 676/1228/676
f 1033/1229/1033 924/1115/924 619/1116/619
f 967/1084/967 1033/1229/1033 958/1230/958
f 850/1232/850 1025/1107/1025 864/1233/864
f 944/1235/944 898/1128/898 672/1236/672
f 848/1134/848 589/1133/589 932/1241/932
f 928/1140/928 1044/1137/1044 1034/1139/1034
f 944/1235/944 958/1230/958 619/1116/619
f 669/1231/669 675/1237/675 964/1242/964
f 942/1227/942 951/1087/951 846/1078/846
f 856/1254/856 1026/1112/1026 863/1255/863
f 1033/1229/1033 967/1084/967 674/1086/674
f 898/1128/898 1035/1136/1035 966/1220/966
f 618/1098/618 904/1123/904 1035/1136/1035
f 1045/1090/1045 1016/925/1016 839/1268/839
f 854/1094/854 1041/1126/1041 848/1134/848
f 572/1096/572 851/1124/851 1041/1126/1041
f 858/942/858 1042/940/1042 904/1123/904
f 576/944/576 857/938/857 1042/940/1042
f 857/938/857 947/846/947 660/848/660
f 1026/1112/1026 924/1115/924 623/1222/623
f 928/1140/928 941/935/941 654/1106/654
f 847/1110/847 1045/1090/1045 931/1269/931
f 1025/1107/1025 847/1110/847 588/1271/588
f 943/937/943 905/927/905 849/926/849
f 673/1226/673 671/1225/671 861/1292/861
f 958/1230/958 944/1235/944 675/1237/675
f 659/933/659 946/1081/946 901/1100/901
f 945/1118/945 676/1228/676 671/1225/671
f 655/1083/655 942/1227/942 929/929/929
f 946/1081/946 661/1074/661 621/1076/621
f 856/1254/856 947/846/947 658/943/658
f 656/1095/656 948/1104/948 855/1109/855
f 949/1097/949 899/1114/899 574/1113/574
f 948/1104/948 654/1106/654 566/1091/566
f 941/935/941 849/926/849 566/1091/566
f 899/1114/899 949/1097/949 662/1099/662
f 676/1228/676 965/1308/965 861/1292/861
f 950/854/950 655/1083/655 567/931/567
f 675/1237/675 672/1236/672 961/1307/961
f 965/1308/965 657/642/657 571/577/571
f 670/1218/670 860/1314/860 965/1308/965
f 859/1243/859 964/1242/964 656/1095/656
f 961/1307/961 1048/1309/1048 851/1124/851
f 672/1236/672 966/1220/966 1048/1309/1048
f 966/1220/966 673/1219/673 962/1310/962
f 1049/1311/1049 850/1232/850 590/1234/590
f 964/1242/964 961/1307/961 572/1096/572
f 1049/1311/1049 967/1084/967 669/1231/669
f 850/1232/850 1049/1311/1049 859/1243/859
f 860/1314/860 569/853/569 657/642/657
f 674/1315/674 963/1319/963 860/1314/860
f 962/1293/962 861/1292/861 571/577/571
f 1048/1309/1048 962/1310/962 591/1316/591
f 963/1319/963 590/1111/590 569/853/569
